-- MySQL dump 10.13  Distrib 5.7.9, for Win64 (x86_64)
--
-- Host: localhost    Database: graph
-- ------------------------------------------------------
-- Server version	5.7.11-log

/*!40101 SET @OLD_CHARACTER_SET_CLIENT=@@CHARACTER_SET_CLIENT */;
/*!40101 SET @OLD_CHARACTER_SET_RESULTS=@@CHARACTER_SET_RESULTS */;
/*!40101 SET @OLD_COLLATION_CONNECTION=@@COLLATION_CONNECTION */;
/*!40101 SET NAMES utf8 */;
/*!40103 SET @OLD_TIME_ZONE=@@TIME_ZONE */;
/*!40103 SET TIME_ZONE='+00:00' */;
/*!40014 SET @OLD_UNIQUE_CHECKS=@@UNIQUE_CHECKS, UNIQUE_CHECKS=0 */;
/*!40014 SET @OLD_FOREIGN_KEY_CHECKS=@@FOREIGN_KEY_CHECKS, FOREIGN_KEY_CHECKS=0 */;
/*!40101 SET @OLD_SQL_MODE=@@SQL_MODE, SQL_MODE='NO_AUTO_VALUE_ON_ZERO' */;
/*!40111 SET @OLD_SQL_NOTES=@@SQL_NOTES, SQL_NOTES=0 */;

--
-- Table structure for table `configurations`
--

DROP TABLE IF EXISTS `configurations`;
/*!40101 SET @saved_cs_client     = @@character_set_client */;
/*!40101 SET character_set_client = utf8 */;
CREATE TABLE `configurations` (
  `id` int(11) NOT NULL AUTO_INCREMENT,
  `base_browser_width` double DEFAULT NULL,
  `base_graph_container_width` double DEFAULT NULL,
  `createdAt` datetime NOT NULL,
  `updatedAt` datetime NOT NULL,
  PRIMARY KEY (`id`)
) ENGINE=InnoDB AUTO_INCREMENT=5 DEFAULT CHARSET=utf8;
/*!40101 SET character_set_client = @saved_cs_client */;

--
-- Dumping data for table `configurations`
--

LOCK TABLES `configurations` WRITE;
/*!40000 ALTER TABLE `configurations` DISABLE KEYS */;
INSERT INTO `configurations` VALUES (4,1366,866,'2016-04-03 15:10:18','2016-04-03 15:10:18');
/*!40000 ALTER TABLE `configurations` ENABLE KEYS */;
UNLOCK TABLES;

--
-- Table structure for table `edges`
--

DROP TABLE IF EXISTS `edges`;
/*!40101 SET @saved_cs_client     = @@character_set_client */;
/*!40101 SET character_set_client = utf8 */;
CREATE TABLE `edges` (
  `edge_id` varchar(255) NOT NULL,
  `source` varchar(255) DEFAULT NULL,
  `target` varchar(255) DEFAULT NULL,
  `traffic` varchar(255) DEFAULT NULL,
  `floor_number` int(11) DEFAULT NULL,
  `createdAt` datetime NOT NULL,
  `updatedAt` datetime NOT NULL,
  PRIMARY KEY (`edge_id`)
) ENGINE=InnoDB DEFAULT CHARSET=utf8;
/*!40101 SET character_set_client = @saved_cs_client */;

--
-- Dumping data for table `edges`
--

LOCK TABLES `edges` WRITE;
/*!40000 ALTER TABLE `edges` DISABLE KEYS */;
INSERT INTO `edges` VALUES ('e0','n98','n61','light',1,'2016-04-03 15:10:18','2016-04-03 15:10:18'),('e1','n122','n69','moderate',1,'2016-04-03 15:10:18','2016-04-03 15:10:18'),('e10','n75','n137','moderate',1,'2016-04-03 15:10:18','2016-04-03 15:10:18'),('e100','n45','n72','moderate',1,'2016-04-03 15:10:18','2016-04-03 15:10:18'),('e101','n68','n19','heavy',1,'2016-04-03 15:10:18','2016-04-03 15:10:18'),('e102','n17','n146','heavy',1,'2016-04-03 15:10:18','2016-04-03 15:10:18'),('e103','n116','n59','light',1,'2016-04-03 15:10:18','2016-04-03 15:10:18'),('e104','n23','n4','light',1,'2016-04-03 15:10:18','2016-04-03 15:10:18'),('e105','n66','n13','light',1,'2016-04-03 15:10:18','2016-04-03 15:10:18'),('e106','n150','n70','light',1,'2016-04-03 15:10:18','2016-04-03 15:10:18'),('e107','n147','n64','light',1,'2016-04-03 15:10:18','2016-04-03 15:10:18'),('e108','n77','n34','heavy',1,'2016-04-03 15:10:18','2016-04-03 15:10:18'),('e109','n103','n67','heavy',1,'2016-04-03 15:10:18','2016-04-03 15:10:18'),('e11','n53','n100','heavy',1,'2016-04-03 15:10:18','2016-04-03 15:10:18'),('e110','n6','n100','light',1,'2016-04-03 15:10:18','2016-04-03 15:10:18'),('e111','n121','n110','moderate',1,'2016-04-03 15:10:18','2016-04-03 15:10:18'),('e112','n46','n110','light',1,'2016-04-03 15:10:18','2016-04-03 15:10:18'),('e113','n55','n90','heavy',1,'2016-04-03 15:10:18','2016-04-03 15:10:18'),('e114','n117','n67','heavy',1,'2016-04-03 15:10:18','2016-04-03 15:10:18'),('e115','n40','n117','moderate',1,'2016-04-03 15:10:18','2016-04-03 15:10:18'),('e116','n107','n134','heavy',1,'2016-04-03 15:10:18','2016-04-03 15:10:18'),('e117','n73','n144','heavy',1,'2016-04-03 15:10:18','2016-04-03 15:10:18'),('e118','n145','n133','heavy',1,'2016-04-03 15:10:18','2016-04-03 15:10:18'),('e119','n94','n16','light',1,'2016-04-03 15:10:18','2016-04-03 15:10:18'),('e12','n131','n15','moderate',1,'2016-04-03 15:10:18','2016-04-03 15:10:18'),('e120','n89','n69','heavy',1,'2016-04-03 15:10:18','2016-04-03 15:10:18'),('e121','n129','n71','heavy',1,'2016-04-03 15:10:18','2016-04-03 15:10:18'),('e122','n27','n64','heavy',1,'2016-04-03 15:10:18','2016-04-03 15:10:18'),('e123','n149','n86','heavy',1,'2016-04-03 15:10:18','2016-04-03 15:10:18'),('e124','n119','n86','heavy',1,'2016-04-03 15:10:18','2016-04-03 15:10:18'),('e125','n76','n64','light',1,'2016-04-03 15:10:18','2016-04-03 15:10:18'),('e126','n140','n143','heavy',1,'2016-04-03 15:10:18','2016-04-03 15:10:18'),('e127','n137','n132','heavy',1,'2016-04-03 15:10:18','2016-04-03 15:10:18'),('e128','n66','n49','moderate',1,'2016-04-03 15:10:18','2016-04-03 15:10:18'),('e129','n40','n149','light',1,'2016-04-03 15:10:18','2016-04-03 15:10:18'),('e13','n76','n127','light',1,'2016-04-03 15:10:18','2016-04-03 15:10:18'),('e130','n106','n114','light',1,'2016-04-03 15:10:18','2016-04-03 15:10:18'),('e131','n44','n97','heavy',1,'2016-04-03 15:10:18','2016-04-03 15:10:18'),('e132','n40','n148','heavy',1,'2016-04-03 15:10:18','2016-04-03 15:10:18'),('e133','n127','n123','moderate',1,'2016-04-03 15:10:18','2016-04-03 15:10:18'),('e134','n146','n46','light',1,'2016-04-03 15:10:18','2016-04-03 15:10:18'),('e135','n44','n128','light',1,'2016-04-03 15:10:18','2016-04-03 15:10:18'),('e136','n96','n85','light',1,'2016-04-03 15:10:18','2016-04-03 15:10:18'),('e137','n8','n79','heavy',1,'2016-04-03 15:10:18','2016-04-03 15:10:18'),('e138','n59','n46','light',1,'2016-04-03 15:10:18','2016-04-03 15:10:18'),('e139','n73','n45','heavy',1,'2016-04-03 15:10:18','2016-04-03 15:10:18'),('e14','n132','n40','moderate',1,'2016-04-03 15:10:18','2016-04-03 15:10:18'),('e140','n30','n133','moderate',1,'2016-04-03 15:10:18','2016-04-03 15:10:18'),('e141','n86','n33','heavy',1,'2016-04-03 15:10:18','2016-04-03 15:10:18'),('e142','n61','n139','light',1,'2016-04-03 15:10:18','2016-04-03 15:10:18'),('e143','n51','n29','moderate',1,'2016-04-03 15:10:18','2016-04-03 15:10:18'),('e144','n33','n131','heavy',1,'2016-04-03 15:10:18','2016-04-03 15:10:18'),('e145','n143','n75','heavy',1,'2016-04-03 15:10:18','2016-04-03 15:10:18'),('e146','n34','n87','light',1,'2016-04-03 15:10:18','2016-04-03 15:10:18'),('e147','n100','n72','light',1,'2016-04-03 15:10:18','2016-04-03 15:10:18'),('e148','n62','n30','moderate',1,'2016-04-03 15:10:18','2016-04-03 15:10:18'),('e149','n119','n97','heavy',1,'2016-04-03 15:10:18','2016-04-03 15:10:18'),('e15','n10','n86','light',1,'2016-04-03 15:10:18','2016-04-03 15:10:18'),('e150','n66','n78','heavy',1,'2016-04-03 15:10:18','2016-04-03 15:10:18'),('e151','n51','n31','moderate',1,'2016-04-03 15:10:18','2016-04-03 15:10:18'),('e152','n3','n37','heavy',1,'2016-04-03 15:10:18','2016-04-03 15:10:18'),('e153','n118','n111','moderate',1,'2016-04-03 15:10:18','2016-04-03 15:10:18'),('e154','n147','n52','heavy',1,'2016-04-03 15:10:18','2016-04-03 15:10:18'),('e155','n76','n98','heavy',1,'2016-04-03 15:10:18','2016-04-03 15:10:18'),('e156','n23','n84','heavy',1,'2016-04-03 15:10:18','2016-04-03 15:10:18'),('e157','n16','n9','heavy',1,'2016-04-03 15:10:18','2016-04-03 15:10:18'),('e158','n44','n146','heavy',1,'2016-04-03 15:10:18','2016-04-03 15:10:18'),('e159','n101','n76','heavy',1,'2016-04-03 15:10:18','2016-04-03 15:10:18'),('e16','n12','n91','heavy',1,'2016-04-03 15:10:18','2016-04-03 15:10:18'),('e160','n3','n98','moderate',1,'2016-04-03 15:10:18','2016-04-03 15:10:18'),('e161','n127','n19','heavy',1,'2016-04-03 15:10:18','2016-04-03 15:10:18'),('e162','n106','n133','light',1,'2016-04-03 15:10:18','2016-04-03 15:10:18'),('e163','n32','n114','light',1,'2016-04-03 15:10:18','2016-04-03 15:10:18'),('e164','n95','n116','moderate',1,'2016-04-03 15:10:18','2016-04-03 15:10:18'),('e165','n147','n15','light',1,'2016-04-03 15:10:18','2016-04-03 15:10:18'),('e166','n131','n126','moderate',1,'2016-04-03 15:10:18','2016-04-03 15:10:18'),('e167','n41','n141','light',1,'2016-04-03 15:10:18','2016-04-03 15:10:18'),('e168','n53','n21','heavy',1,'2016-04-03 15:10:18','2016-04-03 15:10:18'),('e169','n120','n149','light',1,'2016-04-03 15:10:18','2016-04-03 15:10:18'),('e17','n1','n114','moderate',1,'2016-04-03 15:10:18','2016-04-03 15:10:18'),('e170','n119','n128','light',1,'2016-04-03 15:10:18','2016-04-03 15:10:18'),('e171','n106','n88','heavy',1,'2016-04-03 15:10:18','2016-04-03 15:10:18'),('e172','n129','n40','moderate',1,'2016-04-03 15:10:18','2016-04-03 15:10:18'),('e173','n94','n54','moderate',1,'2016-04-03 15:10:18','2016-04-03 15:10:18'),('e174','n112','n130','moderate',1,'2016-04-03 15:10:18','2016-04-03 15:10:18'),('e175','n62','n119','light',1,'2016-04-03 15:10:18','2016-04-03 15:10:18'),('e176','n123','n109','heavy',1,'2016-04-03 15:10:18','2016-04-03 15:10:18'),('e177','n104','n58','heavy',1,'2016-04-03 15:10:18','2016-04-03 15:10:18'),('e178','n125','n26','light',1,'2016-04-03 15:10:18','2016-04-03 15:10:18'),('e179','n83','n73','heavy',1,'2016-04-03 15:10:18','2016-04-03 15:10:18'),('e18','n85','n2','moderate',1,'2016-04-03 15:10:18','2016-04-03 15:10:18'),('e180','n79','n134','light',1,'2016-04-03 15:10:18','2016-04-03 15:10:18'),('e181','n44','n143','moderate',1,'2016-04-03 15:10:18','2016-04-03 15:10:18'),('e182','n31','n38','moderate',1,'2016-04-03 15:10:18','2016-04-03 15:10:18'),('e183','n73','n103','light',1,'2016-04-03 15:10:18','2016-04-03 15:10:18'),('e184','n67','n10','heavy',1,'2016-04-03 15:10:18','2016-04-03 15:10:18'),('e185','n91','n95','heavy',1,'2016-04-03 15:10:18','2016-04-03 15:10:18'),('e186','n96','n112','heavy',1,'2016-04-03 15:10:18','2016-04-03 15:10:18'),('e187','n21','n49','moderate',1,'2016-04-03 15:10:18','2016-04-03 15:10:18'),('e188','n34','n62','heavy',1,'2016-04-03 15:10:18','2016-04-03 15:10:18'),('e189','n143','n21','heavy',1,'2016-04-03 15:10:18','2016-04-03 15:10:18'),('e19','n15','n3','moderate',1,'2016-04-03 15:10:18','2016-04-03 15:10:18'),('e190','n15','n145','moderate',1,'2016-04-03 15:10:18','2016-04-03 15:10:18'),('e191','n140','n62','moderate',1,'2016-04-03 15:10:18','2016-04-03 15:10:18'),('e192','n62','n81','heavy',1,'2016-04-03 15:10:18','2016-04-03 15:10:18'),('e193','n4','n67','moderate',1,'2016-04-03 15:10:18','2016-04-03 15:10:18'),('e194','n28','n111','light',1,'2016-04-03 15:10:18','2016-04-03 15:10:18'),('e195','n66','n44','light',1,'2016-04-03 15:10:18','2016-04-03 15:10:18'),('e196','n16','n9','heavy',1,'2016-04-03 15:10:18','2016-04-03 15:10:18'),('e197','n99','n46','moderate',1,'2016-04-03 15:10:18','2016-04-03 15:10:18'),('e198','n146','n142','heavy',1,'2016-04-03 15:10:18','2016-04-03 15:10:18'),('e199','n58','n94','moderate',1,'2016-04-03 15:10:18','2016-04-03 15:10:18'),('e2','n70','n78','moderate',1,'2016-04-03 15:10:18','2016-04-03 15:10:18'),('e20','n140','n29','heavy',1,'2016-04-03 15:10:18','2016-04-03 15:10:18'),('e200','n199','n232','moderate',2,'2016-04-03 15:10:18','2016-04-03 15:10:18'),('e201','n224','n225','moderate',2,'2016-04-03 15:10:18','2016-04-03 15:10:18'),('e202','n156','n211','light',2,'2016-04-03 15:10:18','2016-04-03 15:10:18'),('e203','n274','n242','heavy',2,'2016-04-03 15:10:18','2016-04-03 15:10:18'),('e204','n246','n167','heavy',2,'2016-04-03 15:10:18','2016-04-03 15:10:18'),('e205','n214','n188','light',2,'2016-04-03 15:10:18','2016-04-03 15:10:18'),('e206','n284','n182','light',2,'2016-04-03 15:10:18','2016-04-03 15:10:18'),('e207','n233','n173','heavy',2,'2016-04-03 15:10:18','2016-04-03 15:10:18'),('e208','n278','n169','light',2,'2016-04-03 15:10:18','2016-04-03 15:10:18'),('e209','n203','n252','light',2,'2016-04-03 15:10:18','2016-04-03 15:10:18'),('e21','n115','n99','heavy',1,'2016-04-03 15:10:18','2016-04-03 15:10:18'),('e210','n207','n237','moderate',2,'2016-04-03 15:10:18','2016-04-03 15:10:18'),('e211','n200','n257','moderate',2,'2016-04-03 15:10:18','2016-04-03 15:10:18'),('e212','n197','n232','light',2,'2016-04-03 15:10:18','2016-04-03 15:10:18'),('e213','n158','n211','light',2,'2016-04-03 15:10:18','2016-04-03 15:10:18'),('e214','n297','n276','moderate',2,'2016-04-03 15:10:18','2016-04-03 15:10:18'),('e215','n220','n183','heavy',2,'2016-04-03 15:10:18','2016-04-03 15:10:18'),('e216','n152','n190','heavy',2,'2016-04-03 15:10:18','2016-04-03 15:10:18'),('e217','n267','n293','moderate',2,'2016-04-03 15:10:18','2016-04-03 15:10:18'),('e218','n219','n206','light',2,'2016-04-03 15:10:18','2016-04-03 15:10:18'),('e219','n252','n196','moderate',2,'2016-04-03 15:10:18','2016-04-03 15:10:18'),('e22','n32','n109','heavy',1,'2016-04-03 15:10:18','2016-04-03 15:10:18'),('e220','n252','n201','heavy',2,'2016-04-03 15:10:18','2016-04-03 15:10:18'),('e221','n168','n208','heavy',2,'2016-04-03 15:10:18','2016-04-03 15:10:18'),('e222','n283','n198','heavy',2,'2016-04-03 15:10:18','2016-04-03 15:10:18'),('e223','n237','n218','heavy',2,'2016-04-03 15:10:18','2016-04-03 15:10:18'),('e224','n264','n278','heavy',2,'2016-04-03 15:10:18','2016-04-03 15:10:18'),('e225','n210','n263','moderate',2,'2016-04-03 15:10:18','2016-04-03 15:10:18'),('e226','n279','n172','heavy',2,'2016-04-03 15:10:18','2016-04-03 15:10:18'),('e227','n298','n189','light',2,'2016-04-03 15:10:18','2016-04-03 15:10:18'),('e228','n241','n282','moderate',2,'2016-04-03 15:10:18','2016-04-03 15:10:18'),('e229','n260','n247','light',2,'2016-04-03 15:10:18','2016-04-03 15:10:18'),('e23','n3','n19','light',1,'2016-04-03 15:10:18','2016-04-03 15:10:18'),('e230','n162','n224','light',2,'2016-04-03 15:10:18','2016-04-03 15:10:18'),('e231','n254','n190','light',2,'2016-04-03 15:10:18','2016-04-03 15:10:18'),('e232','n197','n231','moderate',2,'2016-04-03 15:10:18','2016-04-03 15:10:18'),('e233','n162','n252','moderate',2,'2016-04-03 15:10:18','2016-04-03 15:10:18'),('e234','n219','n202','heavy',2,'2016-04-03 15:10:18','2016-04-03 15:10:18'),('e235','n224','n262','heavy',2,'2016-04-03 15:10:18','2016-04-03 15:10:18'),('e236','n245','n280','light',2,'2016-04-03 15:10:18','2016-04-03 15:10:18'),('e237','n250','n297','heavy',2,'2016-04-03 15:10:18','2016-04-03 15:10:18'),('e238','n237','n164','light',2,'2016-04-03 15:10:18','2016-04-03 15:10:18'),('e239','n289','n160','light',2,'2016-04-03 15:10:18','2016-04-03 15:10:18'),('e24','n143','n95','light',1,'2016-04-03 15:10:18','2016-04-03 15:10:18'),('e240','n194','n185','moderate',2,'2016-04-03 15:10:18','2016-04-03 15:10:18'),('e241','n291','n163','heavy',2,'2016-04-03 15:10:18','2016-04-03 15:10:18'),('e242','n230','n237','moderate',2,'2016-04-03 15:10:18','2016-04-03 15:10:18'),('e243','n218','n202','heavy',2,'2016-04-03 15:10:18','2016-04-03 15:10:18'),('e244','n273','n160','heavy',2,'2016-04-03 15:10:18','2016-04-03 15:10:18'),('e245','n206','n235','light',2,'2016-04-03 15:10:18','2016-04-03 15:10:18'),('e246','n245','n268','heavy',2,'2016-04-03 15:10:18','2016-04-03 15:10:18'),('e247','n155','n275','heavy',2,'2016-04-03 15:10:18','2016-04-03 15:10:18'),('e248','n177','n175','moderate',2,'2016-04-03 15:10:18','2016-04-03 15:10:18'),('e249','n167','n222','light',2,'2016-04-03 15:10:18','2016-04-03 15:10:18'),('e25','n1','n4','moderate',1,'2016-04-03 15:10:18','2016-04-03 15:10:18'),('e250','n229','n275','heavy',2,'2016-04-03 15:10:18','2016-04-03 15:10:18'),('e251','n156','n277','heavy',2,'2016-04-03 15:10:18','2016-04-03 15:10:18'),('e252','n230','n254','heavy',2,'2016-04-03 15:10:18','2016-04-03 15:10:18'),('e253','n164','n247','moderate',2,'2016-04-03 15:10:18','2016-04-03 15:10:18'),('e254','n235','n239','heavy',2,'2016-04-03 15:10:18','2016-04-03 15:10:18'),('e255','n207','n278','light',2,'2016-04-03 15:10:18','2016-04-03 15:10:18'),('e256','n200','n253','moderate',2,'2016-04-03 15:10:18','2016-04-03 15:10:18'),('e257','n233','n270','moderate',2,'2016-04-03 15:10:18','2016-04-03 15:10:18'),('e258','n217','n162','heavy',2,'2016-04-03 15:10:18','2016-04-03 15:10:18'),('e259','n208','n259','light',2,'2016-04-03 15:10:18','2016-04-03 15:10:18'),('e26','n90','n43','light',1,'2016-04-03 15:10:18','2016-04-03 15:10:18'),('e260','n215','n275','heavy',2,'2016-04-03 15:10:18','2016-04-03 15:10:18'),('e261','n151','n173','light',2,'2016-04-03 15:10:18','2016-04-03 15:10:18'),('e262','n215','n154','light',2,'2016-04-03 15:10:18','2016-04-03 15:10:18'),('e263','n190','n260','light',2,'2016-04-03 15:10:18','2016-04-03 15:10:18'),('e264','n235','n272','light',2,'2016-04-03 15:10:18','2016-04-03 15:10:18'),('e265','n247','n204','heavy',2,'2016-04-03 15:10:18','2016-04-03 15:10:18'),('e266','n203','n236','heavy',2,'2016-04-03 15:10:18','2016-04-03 15:10:18'),('e267','n179','n221','heavy',2,'2016-04-03 15:10:18','2016-04-03 15:10:18'),('e268','n181','n177','moderate',2,'2016-04-03 15:10:18','2016-04-03 15:10:18'),('e269','n191','n210','moderate',2,'2016-04-03 15:10:18','2016-04-03 15:10:18'),('e27','n91','n68','moderate',1,'2016-04-03 15:10:18','2016-04-03 15:10:18'),('e270','n226','n263','moderate',2,'2016-04-03 15:10:18','2016-04-03 15:10:18'),('e271','n279','n244','heavy',2,'2016-04-03 15:10:18','2016-04-03 15:10:18'),('e272','n215','n223','moderate',2,'2016-04-03 15:10:18','2016-04-03 15:10:18'),('e273','n239','n224','moderate',2,'2016-04-03 15:10:18','2016-04-03 15:10:18'),('e274','n276','n287','moderate',2,'2016-04-03 15:10:18','2016-04-03 15:10:18'),('e275','n257','n215','heavy',2,'2016-04-03 15:10:18','2016-04-03 15:10:18'),('e276','n268','n205','moderate',2,'2016-04-03 15:10:18','2016-04-03 15:10:18'),('e277','n260','n212','light',2,'2016-04-03 15:10:18','2016-04-03 15:10:18'),('e278','n191','n179','heavy',2,'2016-04-03 15:10:18','2016-04-03 15:10:18'),('e279','n242','n171','heavy',2,'2016-04-03 15:10:18','2016-04-03 15:10:18'),('e28','n80','n150','moderate',1,'2016-04-03 15:10:18','2016-04-03 15:10:18'),('e280','n169','n160','moderate',2,'2016-04-03 15:10:18','2016-04-03 15:10:18'),('e281','n287','n208','heavy',2,'2016-04-03 15:10:18','2016-04-03 15:10:18'),('e282','n161','n240','heavy',2,'2016-04-03 15:10:18','2016-04-03 15:10:18'),('e283','n214','n282','moderate',2,'2016-04-03 15:10:18','2016-04-03 15:10:18'),('e284','n234','n283','light',2,'2016-04-03 15:10:18','2016-04-03 15:10:18'),('e285','n277','n234','moderate',2,'2016-04-03 15:10:18','2016-04-03 15:10:18'),('e286','n243','n260','light',2,'2016-04-03 15:10:18','2016-04-03 15:10:18'),('e287','n290','n223','light',2,'2016-04-03 15:10:18','2016-04-03 15:10:18'),('e288','n282','n162','light',2,'2016-04-03 15:10:18','2016-04-03 15:10:18'),('e289','n280','n266','moderate',2,'2016-04-03 15:10:18','2016-04-03 15:10:18'),('e29','n29','n103','light',1,'2016-04-03 15:10:18','2016-04-03 15:10:18'),('e290','n217','n157','heavy',2,'2016-04-03 15:10:18','2016-04-03 15:10:18'),('e291','n215','n238','light',2,'2016-04-03 15:10:18','2016-04-03 15:10:18'),('e292','n273','n278','light',2,'2016-04-03 15:10:18','2016-04-03 15:10:18'),('e293','n300','n253','heavy',2,'2016-04-03 15:10:18','2016-04-03 15:10:18'),('e294','n228','n270','heavy',2,'2016-04-03 15:10:18','2016-04-03 15:10:18'),('e295','n204','n153','moderate',2,'2016-04-03 15:10:18','2016-04-03 15:10:18'),('e296','n154','n230','heavy',2,'2016-04-03 15:10:18','2016-04-03 15:10:18'),('e297','n170','n241','moderate',2,'2016-04-03 15:10:18','2016-04-03 15:10:18'),('e298','n185','n230','heavy',2,'2016-04-03 15:10:18','2016-04-03 15:10:18'),('e299','n271','n300','moderate',2,'2016-04-03 15:10:18','2016-04-03 15:10:18'),('e3','n63','n36','heavy',1,'2016-04-03 15:10:18','2016-04-03 15:10:18'),('e30','n6','n73','moderate',1,'2016-04-03 15:10:18','2016-04-03 15:10:18'),('e300','n278','n223','light',2,'2016-04-03 15:10:18','2016-04-03 15:10:18'),('e301','n237','n193','heavy',2,'2016-04-03 15:10:18','2016-04-03 15:10:18'),('e302','n291','n153','heavy',2,'2016-04-03 15:10:18','2016-04-03 15:10:18'),('e303','n272','n234','moderate',2,'2016-04-03 15:10:18','2016-04-03 15:10:18'),('e304','n230','n187','heavy',2,'2016-04-03 15:10:18','2016-04-03 15:10:18'),('e305','n171','n280','moderate',2,'2016-04-03 15:10:18','2016-04-03 15:10:18'),('e306','n179','n218','moderate',2,'2016-04-03 15:10:18','2016-04-03 15:10:18'),('e307','n255','n288','heavy',2,'2016-04-03 15:10:18','2016-04-03 15:10:18'),('e308','n234','n250','moderate',2,'2016-04-03 15:10:18','2016-04-03 15:10:18'),('e309','n293','n210','moderate',2,'2016-04-03 15:10:18','2016-04-03 15:10:18'),('e31','n98','n50','moderate',1,'2016-04-03 15:10:18','2016-04-03 15:10:18'),('e310','n172','n171','moderate',2,'2016-04-03 15:10:18','2016-04-03 15:10:18'),('e311','n191','n235','light',2,'2016-04-03 15:10:18','2016-04-03 15:10:18'),('e312','n284','n203','heavy',2,'2016-04-03 15:10:18','2016-04-03 15:10:18'),('e313','n153','n291','moderate',2,'2016-04-03 15:10:18','2016-04-03 15:10:18'),('e314','n152','n277','light',2,'2016-04-03 15:10:18','2016-04-03 15:10:18'),('e315','n226','n293','light',2,'2016-04-03 15:10:18','2016-04-03 15:10:18'),('e316','n232','n183','heavy',2,'2016-04-03 15:10:18','2016-04-03 15:10:18'),('e317','n182','n196','light',2,'2016-04-03 15:10:18','2016-04-03 15:10:18'),('e318','n232','n270','moderate',2,'2016-04-03 15:10:18','2016-04-03 15:10:18'),('e319','n194','n213','moderate',2,'2016-04-03 15:10:18','2016-04-03 15:10:18'),('e32','n89','n69','moderate',1,'2016-04-03 15:10:18','2016-04-03 15:10:18'),('e320','n160','n254','light',2,'2016-04-03 15:10:18','2016-04-03 15:10:18'),('e321','n258','n300','light',2,'2016-04-03 15:10:18','2016-04-03 15:10:18'),('e322','n245','n210','moderate',2,'2016-04-03 15:10:18','2016-04-03 15:10:18'),('e323','n267','n286','light',2,'2016-04-03 15:10:18','2016-04-03 15:10:18'),('e324','n267','n166','moderate',2,'2016-04-03 15:10:18','2016-04-03 15:10:18'),('e325','n181','n170','moderate',2,'2016-04-03 15:10:18','2016-04-03 15:10:18'),('e326','n172','n237','light',2,'2016-04-03 15:10:18','2016-04-03 15:10:18'),('e327','n151','n182','moderate',2,'2016-04-03 15:10:18','2016-04-03 15:10:18'),('e328','n219','n173','light',2,'2016-04-03 15:10:18','2016-04-03 15:10:18'),('e329','n158','n221','light',2,'2016-04-03 15:10:18','2016-04-03 15:10:18'),('e33','n82','n66','moderate',1,'2016-04-03 15:10:18','2016-04-03 15:10:18'),('e330','n181','n178','heavy',2,'2016-04-03 15:10:18','2016-04-03 15:10:18'),('e331','n287','n267','moderate',2,'2016-04-03 15:10:18','2016-04-03 15:10:18'),('e332','n160','n210','light',2,'2016-04-03 15:10:18','2016-04-03 15:10:18'),('e333','n187','n279','heavy',2,'2016-04-03 15:10:18','2016-04-03 15:10:18'),('e334','n294','n289','heavy',2,'2016-04-03 15:10:18','2016-04-03 15:10:18'),('e335','n175','n263','light',2,'2016-04-03 15:10:18','2016-04-03 15:10:18'),('e336','n192','n166','light',2,'2016-04-03 15:10:18','2016-04-03 15:10:18'),('e337','n245','n155','moderate',2,'2016-04-03 15:10:18','2016-04-03 15:10:18'),('e338','n258','n273','heavy',2,'2016-04-03 15:10:18','2016-04-03 15:10:18'),('e339','n267','n152','light',2,'2016-04-03 15:10:18','2016-04-03 15:10:18'),('e34','n40','n47','light',1,'2016-04-03 15:10:18','2016-04-03 15:10:18'),('e340','n278','n201','moderate',2,'2016-04-03 15:10:18','2016-04-03 15:10:18'),('e341','n152','n169','light',2,'2016-04-03 15:10:18','2016-04-03 15:10:18'),('e342','n251','n231','moderate',2,'2016-04-03 15:10:18','2016-04-03 15:10:18'),('e343','n164','n287','moderate',2,'2016-04-03 15:10:18','2016-04-03 15:10:18'),('e344','n209','n271','light',2,'2016-04-03 15:10:18','2016-04-03 15:10:18'),('e345','n239','n252','light',2,'2016-04-03 15:10:18','2016-04-03 15:10:18'),('e346','n205','n165','heavy',2,'2016-04-03 15:10:18','2016-04-03 15:10:18'),('e347','n289','n290','heavy',2,'2016-04-03 15:10:18','2016-04-03 15:10:18'),('e348','n208','n287','moderate',2,'2016-04-03 15:10:18','2016-04-03 15:10:18'),('e349','n162','n186','heavy',2,'2016-04-03 15:10:18','2016-04-03 15:10:18'),('e35','n89','n124','heavy',1,'2016-04-03 15:10:18','2016-04-03 15:10:18'),('e350','n266','n231','light',2,'2016-04-03 15:10:18','2016-04-03 15:10:18'),('e351','n258','n234','heavy',2,'2016-04-03 15:10:18','2016-04-03 15:10:18'),('e352','n214','n207','light',2,'2016-04-03 15:10:18','2016-04-03 15:10:18'),('e353','n169','n266','heavy',2,'2016-04-03 15:10:18','2016-04-03 15:10:18'),('e354','n278','n230','moderate',2,'2016-04-03 15:10:18','2016-04-03 15:10:18'),('e355','n274','n278','heavy',2,'2016-04-03 15:10:18','2016-04-03 15:10:18'),('e356','n215','n195','light',2,'2016-04-03 15:10:18','2016-04-03 15:10:18'),('e357','n152','n219','moderate',2,'2016-04-03 15:10:18','2016-04-03 15:10:18'),('e358','n249','n284','moderate',2,'2016-04-03 15:10:18','2016-04-03 15:10:18'),('e359','n264','n192','light',2,'2016-04-03 15:10:18','2016-04-03 15:10:18'),('e36','n84','n76','light',1,'2016-04-03 15:10:18','2016-04-03 15:10:18'),('e360','n277','n196','heavy',2,'2016-04-03 15:10:18','2016-04-03 15:10:18'),('e361','n287','n262','light',2,'2016-04-03 15:10:18','2016-04-03 15:10:18'),('e362','n216','n155','heavy',2,'2016-04-03 15:10:18','2016-04-03 15:10:18'),('e363','n273','n198','moderate',2,'2016-04-03 15:10:18','2016-04-03 15:10:18'),('e364','n152','n258','heavy',2,'2016-04-03 15:10:18','2016-04-03 15:10:18'),('e365','n158','n231','light',2,'2016-04-03 15:10:18','2016-04-03 15:10:18'),('e366','n182','n179','light',2,'2016-04-03 15:10:18','2016-04-03 15:10:18'),('e367','n262','n160','moderate',2,'2016-04-03 15:10:18','2016-04-03 15:10:18'),('e368','n190','n157','heavy',2,'2016-04-03 15:10:18','2016-04-03 15:10:18'),('e369','n173','n185','heavy',2,'2016-04-03 15:10:18','2016-04-03 15:10:18'),('e37','n59','n46','moderate',1,'2016-04-03 15:10:18','2016-04-03 15:10:18'),('e370','n219','n225','light',2,'2016-04-03 15:10:18','2016-04-03 15:10:18'),('e371','n268','n167','moderate',2,'2016-04-03 15:10:18','2016-04-03 15:10:18'),('e372','n287','n212','light',2,'2016-04-03 15:10:18','2016-04-03 15:10:18'),('e373','n284','n176','heavy',2,'2016-04-03 15:10:18','2016-04-03 15:10:18'),('e374','n225','n217','light',2,'2016-04-03 15:10:18','2016-04-03 15:10:18'),('e375','n232','n284','heavy',2,'2016-04-03 15:10:18','2016-04-03 15:10:18'),('e376','n155','n271','light',2,'2016-04-03 15:10:18','2016-04-03 15:10:18'),('e377','n291','n162','heavy',2,'2016-04-03 15:10:18','2016-04-03 15:10:18'),('e378','n263','n264','moderate',2,'2016-04-03 15:10:18','2016-04-03 15:10:18'),('e379','n187','n282','heavy',2,'2016-04-03 15:10:18','2016-04-03 15:10:18'),('e38','n112','n108','moderate',1,'2016-04-03 15:10:18','2016-04-03 15:10:18'),('e380','n272','n188','moderate',2,'2016-04-03 15:10:18','2016-04-03 15:10:18'),('e381','n208','n244','moderate',2,'2016-04-03 15:10:18','2016-04-03 15:10:18'),('e382','n289','n190','light',2,'2016-04-03 15:10:18','2016-04-03 15:10:18'),('e383','n223','n199','light',2,'2016-04-03 15:10:18','2016-04-03 15:10:18'),('e384','n224','n272','light',2,'2016-04-03 15:10:18','2016-04-03 15:10:18'),('e385','n191','n196','moderate',2,'2016-04-03 15:10:18','2016-04-03 15:10:18'),('e386','n219','n247','moderate',2,'2016-04-03 15:10:18','2016-04-03 15:10:18'),('e387','n156','n190','moderate',2,'2016-04-03 15:10:18','2016-04-03 15:10:18'),('e388','n249','n294','light',2,'2016-04-03 15:10:18','2016-04-03 15:10:18'),('e389','n231','n190','light',2,'2016-04-03 15:10:18','2016-04-03 15:10:18'),('e39','n120','n14','heavy',1,'2016-04-03 15:10:18','2016-04-03 15:10:18'),('e390','n234','n259','moderate',2,'2016-04-03 15:10:18','2016-04-03 15:10:18'),('e391','n275','n234','heavy',2,'2016-04-03 15:10:18','2016-04-03 15:10:18'),('e392','n157','n176','moderate',2,'2016-04-03 15:10:18','2016-04-03 15:10:18'),('e393','n273','n152','moderate',2,'2016-04-03 15:10:18','2016-04-03 15:10:18'),('e394','n251','n175','moderate',2,'2016-04-03 15:10:18','2016-04-03 15:10:18'),('e395','n201','n235','light',2,'2016-04-03 15:10:18','2016-04-03 15:10:18'),('e396','n167','n236','light',2,'2016-04-03 15:10:18','2016-04-03 15:10:18'),('e397','n214','n266','heavy',2,'2016-04-03 15:10:18','2016-04-03 15:10:18'),('e398','n253','n285','light',2,'2016-04-03 15:10:18','2016-04-03 15:10:18'),('e399','n271','n175','heavy',2,'2016-04-03 15:10:18','2016-04-03 15:10:18'),('e4','n84','n11','heavy',1,'2016-04-03 15:10:18','2016-04-03 15:10:18'),('e40','n88','n52','heavy',1,'2016-04-03 15:10:18','2016-04-03 15:10:18'),('e400','n379','n427','heavy',3,'2016-04-03 15:10:18','2016-04-03 15:10:18'),('e401','n304','n320','light',3,'2016-04-03 15:10:18','2016-04-03 15:10:18'),('e402','n329','n322','heavy',3,'2016-04-03 15:10:18','2016-04-03 15:10:18'),('e403','n442','n398','heavy',3,'2016-04-03 15:10:18','2016-04-03 15:10:18'),('e404','n382','n364','moderate',3,'2016-04-03 15:10:18','2016-04-03 15:10:18'),('e405','n314','n410','light',3,'2016-04-03 15:10:18','2016-04-03 15:10:18'),('e406','n333','n405','light',3,'2016-04-03 15:10:18','2016-04-03 15:10:18'),('e407','n408','n346','light',3,'2016-04-03 15:10:18','2016-04-03 15:10:18'),('e408','n353','n386','heavy',3,'2016-04-03 15:10:18','2016-04-03 15:10:18'),('e409','n342','n428','heavy',3,'2016-04-03 15:10:18','2016-04-03 15:10:18'),('e41','n150','n143','moderate',1,'2016-04-03 15:10:18','2016-04-03 15:10:18'),('e410','n372','n330','heavy',3,'2016-04-03 15:10:18','2016-04-03 15:10:18'),('e411','n440','n306','moderate',3,'2016-04-03 15:10:18','2016-04-03 15:10:18'),('e412','n442','n439','heavy',3,'2016-04-03 15:10:18','2016-04-03 15:10:18'),('e413','n333','n319','moderate',3,'2016-04-03 15:10:18','2016-04-03 15:10:18'),('e414','n376','n402','heavy',3,'2016-04-03 15:10:18','2016-04-03 15:10:18'),('e415','n334','n352','moderate',3,'2016-04-03 15:10:18','2016-04-03 15:10:18'),('e416','n401','n342','heavy',3,'2016-04-03 15:10:18','2016-04-03 15:10:18'),('e417','n390','n411','moderate',3,'2016-04-03 15:10:18','2016-04-03 15:10:18'),('e418','n311','n305','light',3,'2016-04-03 15:10:18','2016-04-03 15:10:18'),('e419','n345','n438','light',3,'2016-04-03 15:10:18','2016-04-03 15:10:18'),('e42','n24','n87','light',1,'2016-04-03 15:10:18','2016-04-03 15:10:18'),('e420','n392','n443','heavy',3,'2016-04-03 15:10:18','2016-04-03 15:10:18'),('e421','n324','n366','heavy',3,'2016-04-03 15:10:18','2016-04-03 15:10:18'),('e422','n322','n395','heavy',3,'2016-04-03 15:10:18','2016-04-03 15:10:18'),('e423','n428','n381','heavy',3,'2016-04-03 15:10:18','2016-04-03 15:10:18'),('e424','n312','n431','moderate',3,'2016-04-03 15:10:18','2016-04-03 15:10:18'),('e425','n317','n401','moderate',3,'2016-04-03 15:10:18','2016-04-03 15:10:18'),('e426','n414','n373','moderate',3,'2016-04-03 15:10:18','2016-04-03 15:10:18'),('e427','n412','n383','moderate',3,'2016-04-03 15:10:18','2016-04-03 15:10:18'),('e428','n379','n312','moderate',3,'2016-04-03 15:10:18','2016-04-03 15:10:18'),('e429','n419','n445','moderate',3,'2016-04-03 15:10:18','2016-04-03 15:10:18'),('e43','n78','n139','heavy',1,'2016-04-03 15:10:18','2016-04-03 15:10:18'),('e430','n354','n377','light',3,'2016-04-03 15:10:18','2016-04-03 15:10:18'),('e431','n374','n336','moderate',3,'2016-04-03 15:10:18','2016-04-03 15:10:18'),('e432','n327','n442','moderate',3,'2016-04-03 15:10:18','2016-04-03 15:10:18'),('e433','n340','n413','light',3,'2016-04-03 15:10:18','2016-04-03 15:10:18'),('e434','n388','n426','heavy',3,'2016-04-03 15:10:18','2016-04-03 15:10:18'),('e435','n347','n318','moderate',3,'2016-04-03 15:10:18','2016-04-03 15:10:18'),('e436','n376','n445','light',3,'2016-04-03 15:10:18','2016-04-03 15:10:18'),('e437','n318','n328','moderate',3,'2016-04-03 15:10:18','2016-04-03 15:10:18'),('e438','n324','n307','moderate',3,'2016-04-03 15:10:18','2016-04-03 15:10:18'),('e439','n327','n422','moderate',3,'2016-04-03 15:10:18','2016-04-03 15:10:18'),('e44','n54','n104','heavy',1,'2016-04-03 15:10:18','2016-04-03 15:10:18'),('e440','n324','n345','light',3,'2016-04-03 15:10:18','2016-04-03 15:10:18'),('e441','n303','n408','heavy',3,'2016-04-03 15:10:18','2016-04-03 15:10:18'),('e442','n368','n330','light',3,'2016-04-03 15:10:18','2016-04-03 15:10:18'),('e443','n340','n313','heavy',3,'2016-04-03 15:10:18','2016-04-03 15:10:18'),('e444','n342','n433','light',3,'2016-04-03 15:10:18','2016-04-03 15:10:18'),('e445','n332','n446','moderate',3,'2016-04-03 15:10:18','2016-04-03 15:10:18'),('e446','n423','n311','moderate',3,'2016-04-03 15:10:18','2016-04-03 15:10:18'),('e447','n327','n429','light',3,'2016-04-03 15:10:18','2016-04-03 15:10:18'),('e448','n343','n450','light',3,'2016-04-03 15:10:18','2016-04-03 15:10:18'),('e449','n337','n314','light',3,'2016-04-03 15:10:18','2016-04-03 15:10:18'),('e45','n112','n123','heavy',1,'2016-04-03 15:10:18','2016-04-03 15:10:18'),('e450','n392','n316','light',3,'2016-04-03 15:10:18','2016-04-03 15:10:18'),('e451','n379','n400','light',3,'2016-04-03 15:10:18','2016-04-03 15:10:18'),('e452','n436','n430','light',3,'2016-04-03 15:10:18','2016-04-03 15:10:18'),('e453','n372','n440','heavy',3,'2016-04-03 15:10:18','2016-04-03 15:10:18'),('e454','n319','n417','moderate',3,'2016-04-03 15:10:18','2016-04-03 15:10:18'),('e455','n331','n346','light',3,'2016-04-03 15:10:18','2016-04-03 15:10:18'),('e456','n384','n392','light',3,'2016-04-03 15:10:18','2016-04-03 15:10:18'),('e457','n314','n361','moderate',3,'2016-04-03 15:10:18','2016-04-03 15:10:18'),('e458','n326','n309','light',3,'2016-04-03 15:10:18','2016-04-03 15:10:18'),('e459','n362','n325','heavy',3,'2016-04-03 15:10:18','2016-04-03 15:10:18'),('e46','n44','n51','light',1,'2016-04-03 15:10:18','2016-04-03 15:10:18'),('e460','n413','n340','moderate',3,'2016-04-03 15:10:18','2016-04-03 15:10:18'),('e461','n449','n445','light',3,'2016-04-03 15:10:18','2016-04-03 15:10:18'),('e462','n317','n439','heavy',3,'2016-04-03 15:10:18','2016-04-03 15:10:18'),('e463','n353','n358','moderate',3,'2016-04-03 15:10:18','2016-04-03 15:10:18'),('e464','n313','n412','moderate',3,'2016-04-03 15:10:18','2016-04-03 15:10:18'),('e465','n376','n393','moderate',3,'2016-04-03 15:10:18','2016-04-03 15:10:18'),('e466','n312','n413','moderate',3,'2016-04-03 15:10:18','2016-04-03 15:10:18'),('e467','n332','n390','heavy',3,'2016-04-03 15:10:18','2016-04-03 15:10:18'),('e468','n410','n340','moderate',3,'2016-04-03 15:10:18','2016-04-03 15:10:18'),('e469','n386','n342','light',3,'2016-04-03 15:10:18','2016-04-03 15:10:18'),('e47','n106','n95','light',1,'2016-04-03 15:10:18','2016-04-03 15:10:18'),('e470','n344','n343','moderate',3,'2016-04-03 15:10:18','2016-04-03 15:10:18'),('e471','n387','n349','heavy',3,'2016-04-03 15:10:18','2016-04-03 15:10:18'),('e472','n436','n433','moderate',3,'2016-04-03 15:10:18','2016-04-03 15:10:18'),('e473','n445','n377','moderate',3,'2016-04-03 15:10:18','2016-04-03 15:10:18'),('e474','n369','n332','heavy',3,'2016-04-03 15:10:18','2016-04-03 15:10:18'),('e475','n371','n394','light',3,'2016-04-03 15:10:18','2016-04-03 15:10:18'),('e476','n448','n323','moderate',3,'2016-04-03 15:10:18','2016-04-03 15:10:18'),('e477','n426','n392','light',3,'2016-04-03 15:10:18','2016-04-03 15:10:18'),('e478','n377','n386','moderate',3,'2016-04-03 15:10:18','2016-04-03 15:10:18'),('e479','n411','n307','heavy',3,'2016-04-03 15:10:18','2016-04-03 15:10:18'),('e48','n123','n95','moderate',1,'2016-04-03 15:10:18','2016-04-03 15:10:18'),('e480','n364','n338','moderate',3,'2016-04-03 15:10:18','2016-04-03 15:10:18'),('e481','n312','n438','light',3,'2016-04-03 15:10:18','2016-04-03 15:10:18'),('e482','n341','n401','moderate',3,'2016-04-03 15:10:18','2016-04-03 15:10:18'),('e483','n444','n414','heavy',3,'2016-04-03 15:10:18','2016-04-03 15:10:18'),('e484','n315','n442','heavy',3,'2016-04-03 15:10:18','2016-04-03 15:10:18'),('e485','n397','n360','light',3,'2016-04-03 15:10:18','2016-04-03 15:10:18'),('e486','n410','n409','moderate',3,'2016-04-03 15:10:18','2016-04-03 15:10:18'),('e487','n436','n375','heavy',3,'2016-04-03 15:10:18','2016-04-03 15:10:18'),('e488','n370','n321','moderate',3,'2016-04-03 15:10:18','2016-04-03 15:10:18'),('e489','n363','n401','heavy',3,'2016-04-03 15:10:18','2016-04-03 15:10:18'),('e49','n144','n48','heavy',1,'2016-04-03 15:10:18','2016-04-03 15:10:18'),('e490','n339','n338','moderate',3,'2016-04-03 15:10:18','2016-04-03 15:10:18'),('e491','n319','n420','heavy',3,'2016-04-03 15:10:18','2016-04-03 15:10:18'),('e492','n302','n324','heavy',3,'2016-04-03 15:10:18','2016-04-03 15:10:18'),('e493','n382','n367','moderate',3,'2016-04-03 15:10:18','2016-04-03 15:10:18'),('e494','n334','n335','heavy',3,'2016-04-03 15:10:18','2016-04-03 15:10:18'),('e495','n334','n415','light',3,'2016-04-03 15:10:18','2016-04-03 15:10:18'),('e496','n304','n315','moderate',3,'2016-04-03 15:10:18','2016-04-03 15:10:18'),('e497','n354','n402','heavy',3,'2016-04-03 15:10:18','2016-04-03 15:10:18'),('e498','n345','n374','light',3,'2016-04-03 15:10:18','2016-04-03 15:10:18'),('e499','n320','n421','light',3,'2016-04-03 15:10:18','2016-04-03 15:10:18'),('e5','n55','n80','light',1,'2016-04-03 15:10:18','2016-04-03 15:10:18'),('e50','n94','n4','moderate',1,'2016-04-03 15:10:18','2016-04-03 15:10:18'),('e500','n399','n322','heavy',3,'2016-04-03 15:10:18','2016-04-03 15:10:18'),('e501','n402','n357','moderate',3,'2016-04-03 15:10:18','2016-04-03 15:10:18'),('e502','n422','n429','moderate',3,'2016-04-03 15:10:18','2016-04-03 15:10:18'),('e503','n355','n444','moderate',3,'2016-04-03 15:10:18','2016-04-03 15:10:18'),('e504','n327','n310','moderate',3,'2016-04-03 15:10:18','2016-04-03 15:10:18'),('e505','n444','n345','light',3,'2016-04-03 15:10:18','2016-04-03 15:10:18'),('e506','n378','n434','moderate',3,'2016-04-03 15:10:18','2016-04-03 15:10:18'),('e507','n430','n374','light',3,'2016-04-03 15:10:18','2016-04-03 15:10:18'),('e508','n414','n422','moderate',3,'2016-04-03 15:10:18','2016-04-03 15:10:18'),('e509','n341','n410','heavy',3,'2016-04-03 15:10:18','2016-04-03 15:10:18'),('e51','n127','n121','heavy',1,'2016-04-03 15:10:18','2016-04-03 15:10:18'),('e510','n445','n396','moderate',3,'2016-04-03 15:10:18','2016-04-03 15:10:18'),('e511','n389','n380','light',3,'2016-04-03 15:10:18','2016-04-03 15:10:18'),('e512','n402','n312','moderate',3,'2016-04-03 15:10:18','2016-04-03 15:10:18'),('e513','n315','n341','heavy',3,'2016-04-03 15:10:18','2016-04-03 15:10:18'),('e514','n392','n395','moderate',3,'2016-04-03 15:10:18','2016-04-03 15:10:18'),('e515','n438','n351','moderate',3,'2016-04-03 15:10:18','2016-04-03 15:10:18'),('e516','n403','n384','heavy',3,'2016-04-03 15:10:18','2016-04-03 15:10:18'),('e517','n322','n325','light',3,'2016-04-03 15:10:18','2016-04-03 15:10:18'),('e518','n351','n377','light',3,'2016-04-03 15:10:18','2016-04-03 15:10:18'),('e519','n343','n367','moderate',3,'2016-04-03 15:10:18','2016-04-03 15:10:18'),('e52','n43','n101','moderate',1,'2016-04-03 15:10:18','2016-04-03 15:10:18'),('e520','n371','n336','heavy',3,'2016-04-03 15:10:18','2016-04-03 15:10:18'),('e521','n446','n376','light',3,'2016-04-03 15:10:18','2016-04-03 15:10:18'),('e522','n350','n444','light',3,'2016-04-03 15:10:18','2016-04-03 15:10:18'),('e523','n382','n409','heavy',3,'2016-04-03 15:10:18','2016-04-03 15:10:18'),('e524','n408','n348','heavy',3,'2016-04-03 15:10:18','2016-04-03 15:10:18'),('e525','n329','n444','light',3,'2016-04-03 15:10:18','2016-04-03 15:10:18'),('e526','n409','n370','moderate',3,'2016-04-03 15:10:18','2016-04-03 15:10:18'),('e527','n317','n349','heavy',3,'2016-04-03 15:10:18','2016-04-03 15:10:18'),('e528','n359','n417','light',3,'2016-04-03 15:10:18','2016-04-03 15:10:18'),('e529','n363','n439','heavy',3,'2016-04-03 15:10:18','2016-04-03 15:10:18'),('e53','n82','n102','heavy',1,'2016-04-03 15:10:18','2016-04-03 15:10:18'),('e530','n397','n384','heavy',3,'2016-04-03 15:10:18','2016-04-03 15:10:18'),('e531','n349','n446','heavy',3,'2016-04-03 15:10:18','2016-04-03 15:10:18'),('e532','n419','n354','moderate',3,'2016-04-03 15:10:18','2016-04-03 15:10:18'),('e533','n448','n430','moderate',3,'2016-04-03 15:10:18','2016-04-03 15:10:18'),('e534','n308','n317','light',3,'2016-04-03 15:10:18','2016-04-03 15:10:18'),('e535','n409','n427','heavy',3,'2016-04-03 15:10:18','2016-04-03 15:10:18'),('e536','n325','n323','heavy',3,'2016-04-03 15:10:18','2016-04-03 15:10:18'),('e537','n389','n340','heavy',3,'2016-04-03 15:10:18','2016-04-03 15:10:18'),('e538','n366','n444','light',3,'2016-04-03 15:10:18','2016-04-03 15:10:18'),('e539','n317','n396','light',3,'2016-04-03 15:10:18','2016-04-03 15:10:18'),('e54','n105','n36','moderate',1,'2016-04-03 15:10:18','2016-04-03 15:10:18'),('e540','n362','n360','moderate',3,'2016-04-03 15:10:18','2016-04-03 15:10:18'),('e541','n400','n362','moderate',3,'2016-04-03 15:10:18','2016-04-03 15:10:18'),('e542','n316','n332','light',3,'2016-04-03 15:10:18','2016-04-03 15:10:18'),('e543','n359','n406','heavy',3,'2016-04-03 15:10:18','2016-04-03 15:10:18'),('e544','n406','n429','heavy',3,'2016-04-03 15:10:18','2016-04-03 15:10:18'),('e545','n323','n371','moderate',3,'2016-04-03 15:10:18','2016-04-03 15:10:18'),('e546','n433','n347','moderate',3,'2016-04-03 15:10:18','2016-04-03 15:10:18'),('e547','n350','n396','moderate',3,'2016-04-03 15:10:18','2016-04-03 15:10:18'),('e548','n398','n355','moderate',3,'2016-04-03 15:10:18','2016-04-03 15:10:18'),('e549','n327','n375','heavy',3,'2016-04-03 15:10:18','2016-04-03 15:10:18'),('e55','n145','n22','heavy',1,'2016-04-03 15:10:18','2016-04-03 15:10:18'),('e550','n322','n303','light',3,'2016-04-03 15:10:18','2016-04-03 15:10:18'),('e551','n347','n337','moderate',3,'2016-04-03 15:10:18','2016-04-03 15:10:18'),('e552','n320','n412','heavy',3,'2016-04-03 15:10:18','2016-04-03 15:10:18'),('e553','n340','n395','heavy',3,'2016-04-03 15:10:18','2016-04-03 15:10:18'),('e554','n420','n309','light',3,'2016-04-03 15:10:18','2016-04-03 15:10:18'),('e555','n381','n392','light',3,'2016-04-03 15:10:18','2016-04-03 15:10:18'),('e556','n304','n303','heavy',3,'2016-04-03 15:10:18','2016-04-03 15:10:18'),('e557','n318','n353','moderate',3,'2016-04-03 15:10:18','2016-04-03 15:10:18'),('e558','n308','n367','moderate',3,'2016-04-03 15:10:18','2016-04-03 15:10:18'),('e559','n339','n429','heavy',3,'2016-04-03 15:10:18','2016-04-03 15:10:18'),('e56','n28','n70','heavy',1,'2016-04-03 15:10:18','2016-04-03 15:10:18'),('e560','n335','n312','light',3,'2016-04-03 15:10:18','2016-04-03 15:10:18'),('e561','n346','n393','light',3,'2016-04-03 15:10:18','2016-04-03 15:10:18'),('e562','n373','n382','light',3,'2016-04-03 15:10:18','2016-04-03 15:10:18'),('e563','n338','n407','heavy',3,'2016-04-03 15:10:18','2016-04-03 15:10:18'),('e564','n409','n431','moderate',3,'2016-04-03 15:10:18','2016-04-03 15:10:18'),('e565','n435','n424','light',3,'2016-04-03 15:10:18','2016-04-03 15:10:18'),('e566','n436','n333','light',3,'2016-04-03 15:10:18','2016-04-03 15:10:18'),('e567','n315','n364','heavy',3,'2016-04-03 15:10:18','2016-04-03 15:10:18'),('e568','n395','n304','light',3,'2016-04-03 15:10:18','2016-04-03 15:10:18'),('e569','n423','n343','light',3,'2016-04-03 15:10:18','2016-04-03 15:10:18'),('e57','n76','n66','moderate',1,'2016-04-03 15:10:18','2016-04-03 15:10:18'),('e570','n387','n394','light',3,'2016-04-03 15:10:18','2016-04-03 15:10:18'),('e571','n409','n322','moderate',3,'2016-04-03 15:10:18','2016-04-03 15:10:18'),('e572','n449','n389','moderate',3,'2016-04-03 15:10:18','2016-04-03 15:10:18'),('e573','n428','n400','moderate',3,'2016-04-03 15:10:18','2016-04-03 15:10:18'),('e574','n444','n399','light',3,'2016-04-03 15:10:18','2016-04-03 15:10:18'),('e575','n427','n303','moderate',3,'2016-04-03 15:10:18','2016-04-03 15:10:18'),('e576','n410','n342','heavy',3,'2016-04-03 15:10:18','2016-04-03 15:10:18'),('e577','n311','n372','heavy',3,'2016-04-03 15:10:18','2016-04-03 15:10:18'),('e578','n436','n445','light',3,'2016-04-03 15:10:18','2016-04-03 15:10:18'),('e579','n362','n433','moderate',3,'2016-04-03 15:10:18','2016-04-03 15:10:18'),('e58','n21','n122','heavy',1,'2016-04-03 15:10:18','2016-04-03 15:10:18'),('e580','n376','n373','moderate',3,'2016-04-03 15:10:18','2016-04-03 15:10:18'),('e581','n431','n449','light',3,'2016-04-03 15:10:18','2016-04-03 15:10:18'),('e582','n348','n404','light',3,'2016-04-03 15:10:18','2016-04-03 15:10:18'),('e583','n422','n378','heavy',3,'2016-04-03 15:10:18','2016-04-03 15:10:18'),('e584','n395','n388','light',3,'2016-04-03 15:10:18','2016-04-03 15:10:18'),('e585','n316','n330','light',3,'2016-04-03 15:10:18','2016-04-03 15:10:18'),('e586','n362','n356','moderate',3,'2016-04-03 15:10:18','2016-04-03 15:10:18'),('e587','n390','n368','heavy',3,'2016-04-03 15:10:18','2016-04-03 15:10:18'),('e588','n399','n353','light',3,'2016-04-03 15:10:18','2016-04-03 15:10:18'),('e589','n393','n375','heavy',3,'2016-04-03 15:10:18','2016-04-03 15:10:18'),('e59','n5','n148','heavy',1,'2016-04-03 15:10:18','2016-04-03 15:10:18'),('e590','n392','n318','light',3,'2016-04-03 15:10:18','2016-04-03 15:10:18'),('e591','n324','n364','light',3,'2016-04-03 15:10:18','2016-04-03 15:10:18'),('e592','n398','n321','heavy',3,'2016-04-03 15:10:18','2016-04-03 15:10:18'),('e593','n402','n375','light',3,'2016-04-03 15:10:18','2016-04-03 15:10:18'),('e594','n305','n421','light',3,'2016-04-03 15:10:18','2016-04-03 15:10:18'),('e595','n424','n406','light',3,'2016-04-03 15:10:18','2016-04-03 15:10:18'),('e596','n347','n392','light',3,'2016-04-03 15:10:18','2016-04-03 15:10:18'),('e597','n431','n329','light',3,'2016-04-03 15:10:18','2016-04-03 15:10:18'),('e598','n320','n336','heavy',3,'2016-04-03 15:10:18','2016-04-03 15:10:18'),('e599','n388','n303','heavy',3,'2016-04-03 15:10:18','2016-04-03 15:10:18'),('e6','n141','n22','light',1,'2016-04-03 15:10:18','2016-04-03 15:10:18'),('e60','n37','n13','moderate',1,'2016-04-03 15:10:18','2016-04-03 15:10:18'),('e600','n466','n461','moderate',4,'2016-04-03 15:10:18','2016-04-03 15:10:18'),('e601','n532','n453','heavy',4,'2016-04-03 15:10:18','2016-04-03 15:10:18'),('e602','n587','n549','light',4,'2016-04-03 15:10:18','2016-04-03 15:10:18'),('e603','n519','n572','heavy',4,'2016-04-03 15:10:18','2016-04-03 15:10:18'),('e604','n523','n592','moderate',4,'2016-04-03 15:10:18','2016-04-03 15:10:18'),('e605','n597','n500','light',4,'2016-04-03 15:10:18','2016-04-03 15:10:18'),('e606','n600','n498','light',4,'2016-04-03 15:10:18','2016-04-03 15:10:18'),('e607','n563','n527','moderate',4,'2016-04-03 15:10:18','2016-04-03 15:10:18'),('e608','n569','n504','moderate',4,'2016-04-03 15:10:18','2016-04-03 15:10:18'),('e609','n559','n452','heavy',4,'2016-04-03 15:10:18','2016-04-03 15:10:18'),('e61','n74','n142','light',1,'2016-04-03 15:10:18','2016-04-03 15:10:18'),('e610','n498','n548','heavy',4,'2016-04-03 15:10:18','2016-04-03 15:10:18'),('e611','n487','n555','light',4,'2016-04-03 15:10:18','2016-04-03 15:10:18'),('e612','n545','n486','light',4,'2016-04-03 15:10:18','2016-04-03 15:10:18'),('e613','n565','n482','light',4,'2016-04-03 15:10:18','2016-04-03 15:10:18'),('e614','n529','n526','moderate',4,'2016-04-03 15:10:18','2016-04-03 15:10:18'),('e615','n556','n553','moderate',4,'2016-04-03 15:10:18','2016-04-03 15:10:18'),('e616','n497','n565','moderate',4,'2016-04-03 15:10:18','2016-04-03 15:10:18'),('e617','n589','n565','moderate',4,'2016-04-03 15:10:18','2016-04-03 15:10:18'),('e618','n587','n553','heavy',4,'2016-04-03 15:10:18','2016-04-03 15:10:18'),('e619','n535','n495','light',4,'2016-04-03 15:10:18','2016-04-03 15:10:18'),('e62','n51','n109','moderate',1,'2016-04-03 15:10:18','2016-04-03 15:10:18'),('e620','n473','n561','moderate',4,'2016-04-03 15:10:18','2016-04-03 15:10:18'),('e621','n548','n459','moderate',4,'2016-04-03 15:10:18','2016-04-03 15:10:18'),('e622','n482','n470','moderate',4,'2016-04-03 15:10:18','2016-04-03 15:10:18'),('e623','n504','n511','heavy',4,'2016-04-03 15:10:18','2016-04-03 15:10:18'),('e624','n457','n522','moderate',4,'2016-04-03 15:10:18','2016-04-03 15:10:18'),('e625','n475','n589','heavy',4,'2016-04-03 15:10:18','2016-04-03 15:10:18'),('e626','n514','n531','heavy',4,'2016-04-03 15:10:18','2016-04-03 15:10:18'),('e627','n543','n503','heavy',4,'2016-04-03 15:10:18','2016-04-03 15:10:18'),('e628','n548','n534','heavy',4,'2016-04-03 15:10:18','2016-04-03 15:10:18'),('e629','n562','n506','moderate',4,'2016-04-03 15:10:18','2016-04-03 15:10:18'),('e63','n150','n84','light',1,'2016-04-03 15:10:18','2016-04-03 15:10:18'),('e630','n553','n480','light',4,'2016-04-03 15:10:18','2016-04-03 15:10:18'),('e631','n575','n545','light',4,'2016-04-03 15:10:18','2016-04-03 15:10:18'),('e632','n490','n503','heavy',4,'2016-04-03 15:10:18','2016-04-03 15:10:18'),('e633','n466','n533','heavy',4,'2016-04-03 15:10:18','2016-04-03 15:10:18'),('e634','n473','n593','heavy',4,'2016-04-03 15:10:18','2016-04-03 15:10:18'),('e635','n488','n574','moderate',4,'2016-04-03 15:10:18','2016-04-03 15:10:18'),('e636','n459','n496','moderate',4,'2016-04-03 15:10:18','2016-04-03 15:10:18'),('e637','n478','n470','heavy',4,'2016-04-03 15:10:18','2016-04-03 15:10:18'),('e638','n592','n584','moderate',4,'2016-04-03 15:10:18','2016-04-03 15:10:18'),('e639','n484','n524','light',4,'2016-04-03 15:10:18','2016-04-03 15:10:18'),('e64','n56','n117','moderate',1,'2016-04-03 15:10:18','2016-04-03 15:10:18'),('e640','n567','n552','heavy',4,'2016-04-03 15:10:18','2016-04-03 15:10:18'),('e641','n544','n587','heavy',4,'2016-04-03 15:10:18','2016-04-03 15:10:18'),('e642','n547','n522','heavy',4,'2016-04-03 15:10:18','2016-04-03 15:10:18'),('e643','n507','n512','light',4,'2016-04-03 15:10:18','2016-04-03 15:10:18'),('e644','n529','n588','heavy',4,'2016-04-03 15:10:18','2016-04-03 15:10:18'),('e645','n571','n499','moderate',4,'2016-04-03 15:10:18','2016-04-03 15:10:18'),('e646','n550','n482','light',4,'2016-04-03 15:10:18','2016-04-03 15:10:18'),('e647','n529','n600','heavy',4,'2016-04-03 15:10:18','2016-04-03 15:10:18'),('e648','n523','n525','heavy',4,'2016-04-03 15:10:18','2016-04-03 15:10:18'),('e649','n560','n529','heavy',4,'2016-04-03 15:10:18','2016-04-03 15:10:18'),('e65','n108','n92','light',1,'2016-04-03 15:10:18','2016-04-03 15:10:18'),('e650','n588','n582','moderate',4,'2016-04-03 15:10:18','2016-04-03 15:10:18'),('e651','n523','n483','heavy',4,'2016-04-03 15:10:18','2016-04-03 15:10:18'),('e652','n452','n537','moderate',4,'2016-04-03 15:10:18','2016-04-03 15:10:18'),('e653','n532','n477','light',4,'2016-04-03 15:10:18','2016-04-03 15:10:18'),('e654','n565','n477','moderate',4,'2016-04-03 15:10:18','2016-04-03 15:10:18'),('e655','n462','n573','heavy',4,'2016-04-03 15:10:18','2016-04-03 15:10:18'),('e656','n578','n586','heavy',4,'2016-04-03 15:10:18','2016-04-03 15:10:18'),('e657','n525','n589','light',4,'2016-04-03 15:10:18','2016-04-03 15:10:18'),('e658','n535','n501','light',4,'2016-04-03 15:10:18','2016-04-03 15:10:18'),('e659','n455','n579','light',4,'2016-04-03 15:10:18','2016-04-03 15:10:18'),('e66','n73','n107','light',1,'2016-04-03 15:10:18','2016-04-03 15:10:18'),('e660','n473','n513','heavy',4,'2016-04-03 15:10:18','2016-04-03 15:10:18'),('e661','n551','n525','heavy',4,'2016-04-03 15:10:18','2016-04-03 15:10:18'),('e662','n559','n477','heavy',4,'2016-04-03 15:10:18','2016-04-03 15:10:18'),('e663','n477','n538','heavy',4,'2016-04-03 15:10:18','2016-04-03 15:10:18'),('e664','n475','n494','light',4,'2016-04-03 15:10:18','2016-04-03 15:10:18'),('e665','n556','n479','heavy',4,'2016-04-03 15:10:18','2016-04-03 15:10:18'),('e666','n461','n466','heavy',4,'2016-04-03 15:10:18','2016-04-03 15:10:18'),('e667','n593','n465','moderate',4,'2016-04-03 15:10:18','2016-04-03 15:10:18'),('e668','n469','n592','heavy',4,'2016-04-03 15:10:18','2016-04-03 15:10:18'),('e669','n592','n545','heavy',4,'2016-04-03 15:10:18','2016-04-03 15:10:18'),('e67','n44','n146','moderate',1,'2016-04-03 15:10:18','2016-04-03 15:10:18'),('e670','n567','n580','heavy',4,'2016-04-03 15:10:18','2016-04-03 15:10:18'),('e671','n586','n564','light',4,'2016-04-03 15:10:18','2016-04-03 15:10:18'),('e672','n519','n541','light',4,'2016-04-03 15:10:18','2016-04-03 15:10:18'),('e673','n554','n591','moderate',4,'2016-04-03 15:10:18','2016-04-03 15:10:18'),('e674','n505','n519','moderate',4,'2016-04-03 15:10:18','2016-04-03 15:10:18'),('e675','n480','n560','light',4,'2016-04-03 15:10:18','2016-04-03 15:10:18'),('e676','n524','n489','moderate',4,'2016-04-03 15:10:18','2016-04-03 15:10:18'),('e677','n497','n457','light',4,'2016-04-03 15:10:18','2016-04-03 15:10:18'),('e678','n473','n471','moderate',4,'2016-04-03 15:10:18','2016-04-03 15:10:18'),('e679','n557','n474','light',4,'2016-04-03 15:10:18','2016-04-03 15:10:18'),('e68','n60','n15','moderate',1,'2016-04-03 15:10:18','2016-04-03 15:10:18'),('e680','n506','n552','moderate',4,'2016-04-03 15:10:18','2016-04-03 15:10:18'),('e681','n528','n564','moderate',4,'2016-04-03 15:10:18','2016-04-03 15:10:18'),('e682','n535','n551','light',4,'2016-04-03 15:10:18','2016-04-03 15:10:18'),('e683','n520','n560','light',4,'2016-04-03 15:10:18','2016-04-03 15:10:18'),('e684','n532','n494','light',4,'2016-04-03 15:10:18','2016-04-03 15:10:18'),('e685','n551','n529','heavy',4,'2016-04-03 15:10:18','2016-04-03 15:10:18'),('e686','n475','n504','light',4,'2016-04-03 15:10:18','2016-04-03 15:10:18'),('e687','n550','n522','heavy',4,'2016-04-03 15:10:18','2016-04-03 15:10:18'),('e688','n554','n510','light',4,'2016-04-03 15:10:18','2016-04-03 15:10:18'),('e689','n516','n483','moderate',4,'2016-04-03 15:10:18','2016-04-03 15:10:18'),('e69','n14','n74','light',1,'2016-04-03 15:10:18','2016-04-03 15:10:18'),('e690','n595','n527','heavy',4,'2016-04-03 15:10:18','2016-04-03 15:10:18'),('e691','n545','n459','moderate',4,'2016-04-03 15:10:18','2016-04-03 15:10:18'),('e692','n527','n538','heavy',4,'2016-04-03 15:10:18','2016-04-03 15:10:18'),('e693','n542','n486','light',4,'2016-04-03 15:10:18','2016-04-03 15:10:18'),('e694','n539','n509','moderate',4,'2016-04-03 15:10:18','2016-04-03 15:10:18'),('e695','n527','n474','light',4,'2016-04-03 15:10:18','2016-04-03 15:10:18'),('e696','n510','n565','light',4,'2016-04-03 15:10:18','2016-04-03 15:10:18'),('e697','n513','n596','moderate',4,'2016-04-03 15:10:18','2016-04-03 15:10:18'),('e698','n498','n530','moderate',4,'2016-04-03 15:10:18','2016-04-03 15:10:18'),('e699','n477','n492','light',4,'2016-04-03 15:10:18','2016-04-03 15:10:18'),('e7','n9','n44','heavy',1,'2016-04-03 15:10:18','2016-04-03 15:10:18'),('e70','n137','n150','light',1,'2016-04-03 15:10:18','2016-04-03 15:10:18'),('e700','n507','n479','moderate',4,'2016-04-03 15:10:18','2016-04-03 15:10:18'),('e701','n496','n585','heavy',4,'2016-04-03 15:10:18','2016-04-03 15:10:18'),('e702','n517','n499','light',4,'2016-04-03 15:10:18','2016-04-03 15:10:18'),('e703','n548','n516','heavy',4,'2016-04-03 15:10:18','2016-04-03 15:10:18'),('e704','n496','n458','heavy',4,'2016-04-03 15:10:18','2016-04-03 15:10:18'),('e705','n570','n531','light',4,'2016-04-03 15:10:18','2016-04-03 15:10:18'),('e706','n532','n555','moderate',4,'2016-04-03 15:10:18','2016-04-03 15:10:18'),('e707','n591','n570','heavy',4,'2016-04-03 15:10:18','2016-04-03 15:10:18'),('e708','n561','n503','moderate',4,'2016-04-03 15:10:18','2016-04-03 15:10:18'),('e709','n587','n505','moderate',4,'2016-04-03 15:10:18','2016-04-03 15:10:18'),('e71','n43','n92','heavy',1,'2016-04-03 15:10:18','2016-04-03 15:10:18'),('e710','n531','n598','light',4,'2016-04-03 15:10:18','2016-04-03 15:10:18'),('e711','n570','n585','heavy',4,'2016-04-03 15:10:18','2016-04-03 15:10:18'),('e712','n469','n594','heavy',4,'2016-04-03 15:10:18','2016-04-03 15:10:18'),('e713','n575','n590','light',4,'2016-04-03 15:10:18','2016-04-03 15:10:18'),('e714','n574','n544','moderate',4,'2016-04-03 15:10:18','2016-04-03 15:10:18'),('e715','n480','n488','heavy',4,'2016-04-03 15:10:18','2016-04-03 15:10:18'),('e716','n461','n544','light',4,'2016-04-03 15:10:18','2016-04-03 15:10:18'),('e717','n506','n583','moderate',4,'2016-04-03 15:10:18','2016-04-03 15:10:18'),('e718','n537','n517','moderate',4,'2016-04-03 15:10:18','2016-04-03 15:10:18'),('e719','n506','n528','heavy',4,'2016-04-03 15:10:18','2016-04-03 15:10:18'),('e72','n44','n146','light',1,'2016-04-03 15:10:18','2016-04-03 15:10:18'),('e720','n556','n574','light',4,'2016-04-03 15:10:18','2016-04-03 15:10:18'),('e721','n546','n565','heavy',4,'2016-04-03 15:10:18','2016-04-03 15:10:18'),('e722','n489','n481','heavy',4,'2016-04-03 15:10:18','2016-04-03 15:10:18'),('e723','n553','n563','moderate',4,'2016-04-03 15:10:18','2016-04-03 15:10:18'),('e724','n563','n548','heavy',4,'2016-04-03 15:10:18','2016-04-03 15:10:18'),('e725','n505','n510','heavy',4,'2016-04-03 15:10:18','2016-04-03 15:10:18'),('e726','n527','n558','moderate',4,'2016-04-03 15:10:18','2016-04-03 15:10:18'),('e727','n493','n580','heavy',4,'2016-04-03 15:10:18','2016-04-03 15:10:18'),('e728','n531','n483','light',4,'2016-04-03 15:10:18','2016-04-03 15:10:18'),('e729','n540','n564','moderate',4,'2016-04-03 15:10:18','2016-04-03 15:10:18'),('e73','n104','n53','heavy',1,'2016-04-03 15:10:18','2016-04-03 15:10:18'),('e730','n572','n503','moderate',4,'2016-04-03 15:10:18','2016-04-03 15:10:18'),('e731','n544','n504','moderate',4,'2016-04-03 15:10:18','2016-04-03 15:10:18'),('e732','n524','n513','light',4,'2016-04-03 15:10:18','2016-04-03 15:10:18'),('e733','n495','n489','heavy',4,'2016-04-03 15:10:18','2016-04-03 15:10:18'),('e734','n490','n568','heavy',4,'2016-04-03 15:10:18','2016-04-03 15:10:18'),('e735','n487','n568','heavy',4,'2016-04-03 15:10:18','2016-04-03 15:10:18'),('e736','n522','n525','moderate',4,'2016-04-03 15:10:18','2016-04-03 15:10:18'),('e737','n477','n458','moderate',4,'2016-04-03 15:10:18','2016-04-03 15:10:18'),('e738','n479','n508','moderate',4,'2016-04-03 15:10:18','2016-04-03 15:10:18'),('e739','n505','n588','light',4,'2016-04-03 15:10:18','2016-04-03 15:10:18'),('e74','n11','n114','moderate',1,'2016-04-03 15:10:18','2016-04-03 15:10:18'),('e740','n535','n509','heavy',4,'2016-04-03 15:10:18','2016-04-03 15:10:18'),('e741','n588','n524','light',4,'2016-04-03 15:10:18','2016-04-03 15:10:18'),('e742','n562','n456','light',4,'2016-04-03 15:10:18','2016-04-03 15:10:18'),('e743','n589','n478','heavy',4,'2016-04-03 15:10:18','2016-04-03 15:10:18'),('e744','n472','n484','heavy',4,'2016-04-03 15:10:18','2016-04-03 15:10:18'),('e745','n499','n470','moderate',4,'2016-04-03 15:10:18','2016-04-03 15:10:18'),('e746','n586','n473','moderate',4,'2016-04-03 15:10:18','2016-04-03 15:10:18'),('e747','n574','n486','moderate',4,'2016-04-03 15:10:18','2016-04-03 15:10:18'),('e748','n491','n537','moderate',4,'2016-04-03 15:10:18','2016-04-03 15:10:18'),('e749','n516','n482','light',4,'2016-04-03 15:10:18','2016-04-03 15:10:18'),('e75','n103','n35','light',1,'2016-04-03 15:10:18','2016-04-03 15:10:18'),('e750','n545','n588','heavy',4,'2016-04-03 15:10:18','2016-04-03 15:10:18'),('e751','n484','n461','heavy',4,'2016-04-03 15:10:18','2016-04-03 15:10:18'),('e752','n478','n598','heavy',4,'2016-04-03 15:10:18','2016-04-03 15:10:18'),('e753','n526','n588','moderate',4,'2016-04-03 15:10:18','2016-04-03 15:10:18'),('e754','n451','n480','heavy',4,'2016-04-03 15:10:18','2016-04-03 15:10:18'),('e755','n531','n519','light',4,'2016-04-03 15:10:18','2016-04-03 15:10:18'),('e756','n558','n514','heavy',4,'2016-04-03 15:10:18','2016-04-03 15:10:18'),('e757','n566','n571','light',4,'2016-04-03 15:10:18','2016-04-03 15:10:18'),('e758','n575','n599','heavy',4,'2016-04-03 15:10:18','2016-04-03 15:10:18'),('e759','n575','n577','light',4,'2016-04-03 15:10:18','2016-04-03 15:10:18'),('e76','n37','n129','heavy',1,'2016-04-03 15:10:18','2016-04-03 15:10:18'),('e760','n582','n476','light',4,'2016-04-03 15:10:18','2016-04-03 15:10:18'),('e761','n537','n555','light',4,'2016-04-03 15:10:18','2016-04-03 15:10:18'),('e762','n487','n535','moderate',4,'2016-04-03 15:10:18','2016-04-03 15:10:18'),('e763','n598','n453','heavy',4,'2016-04-03 15:10:18','2016-04-03 15:10:18'),('e764','n491','n588','heavy',4,'2016-04-03 15:10:18','2016-04-03 15:10:18'),('e765','n597','n539','heavy',4,'2016-04-03 15:10:18','2016-04-03 15:10:18'),('e766','n585','n509','heavy',4,'2016-04-03 15:10:18','2016-04-03 15:10:18'),('e767','n456','n542','light',4,'2016-04-03 15:10:18','2016-04-03 15:10:18'),('e768','n600','n558','light',4,'2016-04-03 15:10:18','2016-04-03 15:10:18'),('e769','n506','n545','light',4,'2016-04-03 15:10:18','2016-04-03 15:10:18'),('e77','n58','n149','light',1,'2016-04-03 15:10:18','2016-04-03 15:10:18'),('e770','n524','n487','heavy',4,'2016-04-03 15:10:18','2016-04-03 15:10:18'),('e771','n590','n524','light',4,'2016-04-03 15:10:18','2016-04-03 15:10:18'),('e772','n481','n513','moderate',4,'2016-04-03 15:10:18','2016-04-03 15:10:18'),('e773','n475','n488','heavy',4,'2016-04-03 15:10:18','2016-04-03 15:10:18'),('e774','n466','n598','light',4,'2016-04-03 15:10:18','2016-04-03 15:10:18'),('e775','n516','n522','moderate',4,'2016-04-03 15:10:18','2016-04-03 15:10:18'),('e776','n536','n540','light',4,'2016-04-03 15:10:18','2016-04-03 15:10:18'),('e777','n549','n575','heavy',4,'2016-04-03 15:10:18','2016-04-03 15:10:18'),('e778','n567','n552','heavy',4,'2016-04-03 15:10:18','2016-04-03 15:10:18'),('e779','n530','n463','moderate',4,'2016-04-03 15:10:18','2016-04-03 15:10:18'),('e78','n90','n5','heavy',1,'2016-04-03 15:10:18','2016-04-03 15:10:18'),('e780','n479','n516','light',4,'2016-04-03 15:10:18','2016-04-03 15:10:18'),('e781','n502','n480','moderate',4,'2016-04-03 15:10:18','2016-04-03 15:10:18'),('e782','n463','n500','heavy',4,'2016-04-03 15:10:18','2016-04-03 15:10:18'),('e783','n478','n543','heavy',4,'2016-04-03 15:10:18','2016-04-03 15:10:18'),('e784','n490','n575','heavy',4,'2016-04-03 15:10:18','2016-04-03 15:10:18'),('e785','n565','n500','moderate',4,'2016-04-03 15:10:18','2016-04-03 15:10:18'),('e786','n467','n559','light',4,'2016-04-03 15:10:18','2016-04-03 15:10:18'),('e787','n476','n543','heavy',4,'2016-04-03 15:10:18','2016-04-03 15:10:18'),('e788','n463','n584','light',4,'2016-04-03 15:10:18','2016-04-03 15:10:18'),('e789','n542','n578','light',4,'2016-04-03 15:10:18','2016-04-03 15:10:18'),('e79','n32','n141','light',1,'2016-04-03 15:10:18','2016-04-03 15:10:18'),('e790','n470','n462','heavy',4,'2016-04-03 15:10:18','2016-04-03 15:10:18'),('e791','n539','n575','heavy',4,'2016-04-03 15:10:18','2016-04-03 15:10:18'),('e792','n468','n454','heavy',4,'2016-04-03 15:10:18','2016-04-03 15:10:18'),('e793','n497','n494','moderate',4,'2016-04-03 15:10:18','2016-04-03 15:10:18'),('e794','n554','n462','heavy',4,'2016-04-03 15:10:18','2016-04-03 15:10:18'),('e795','n460','n506','moderate',4,'2016-04-03 15:10:18','2016-04-03 15:10:18'),('e796','n460','n538','light',4,'2016-04-03 15:10:18','2016-04-03 15:10:18'),('e797','n505','n477','light',4,'2016-04-03 15:10:18','2016-04-03 15:10:18'),('e798','n563','n488','heavy',4,'2016-04-03 15:10:18','2016-04-03 15:10:18'),('e799','n483','n537','heavy',4,'2016-04-03 15:10:18','2016-04-03 15:10:18'),('e8','n83','n150','moderate',1,'2016-04-03 15:10:18','2016-04-03 15:10:18'),('e80','n89','n140','heavy',1,'2016-04-03 15:10:18','2016-04-03 15:10:18'),('e81','n57','n138','heavy',1,'2016-04-03 15:10:18','2016-04-03 15:10:18'),('e82','n117','n69','heavy',1,'2016-04-03 15:10:18','2016-04-03 15:10:18'),('e83','n106','n34','moderate',1,'2016-04-03 15:10:18','2016-04-03 15:10:18'),('e84','n118','n138','light',1,'2016-04-03 15:10:18','2016-04-03 15:10:18'),('e85','n16','n30','moderate',1,'2016-04-03 15:10:18','2016-04-03 15:10:18'),('e86','n101','n67','light',1,'2016-04-03 15:10:18','2016-04-03 15:10:18'),('e87','n117','n98','moderate',1,'2016-04-03 15:10:18','2016-04-03 15:10:18'),('e88','n69','n98','moderate',1,'2016-04-03 15:10:18','2016-04-03 15:10:18'),('e89','n125','n41','heavy',1,'2016-04-03 15:10:18','2016-04-03 15:10:18'),('e9','n74','n114','moderate',1,'2016-04-03 15:10:18','2016-04-03 15:10:18'),('e90','n127','n42','heavy',1,'2016-04-03 15:10:18','2016-04-03 15:10:18'),('e91','n127','n42','moderate',1,'2016-04-03 15:10:18','2016-04-03 15:10:18'),('e92','n50','n18','moderate',1,'2016-04-03 15:10:18','2016-04-03 15:10:18'),('e93','n126','n150','heavy',1,'2016-04-03 15:10:18','2016-04-03 15:10:18'),('e94','n127','n35','moderate',1,'2016-04-03 15:10:18','2016-04-03 15:10:18'),('e95','n123','n60','moderate',1,'2016-04-03 15:10:18','2016-04-03 15:10:18'),('e96','n119','n83','moderate',1,'2016-04-03 15:10:18','2016-04-03 15:10:18'),('e97','n47','n134','moderate',1,'2016-04-03 15:10:18','2016-04-03 15:10:18'),('e98','n140','n78','moderate',1,'2016-04-03 15:10:18','2016-04-03 15:10:18'),('e99','n55','n129','heavy',1,'2016-04-03 15:10:18','2016-04-03 15:10:18');
/*!40000 ALTER TABLE `edges` ENABLE KEYS */;
UNLOCK TABLES;

--
-- Table structure for table `floors`
--

DROP TABLE IF EXISTS `floors`;
/*!40101 SET @saved_cs_client     = @@character_set_client */;
/*!40101 SET character_set_client = utf8 */;
CREATE TABLE `floors` (
  `floor_number` int(11) NOT NULL,
  `image` varchar(255) DEFAULT NULL,
  `createdAt` datetime NOT NULL,
  `updatedAt` datetime NOT NULL,
  PRIMARY KEY (`floor_number`)
) ENGINE=InnoDB DEFAULT CHARSET=utf8;
/*!40101 SET character_set_client = @saved_cs_client */;

--
-- Dumping data for table `floors`
--

LOCK TABLES `floors` WRITE;
/*!40000 ALTER TABLE `floors` DISABLE KEYS */;
INSERT INTO `floors` VALUES (1,'floorplan1','2016-04-03 15:10:18','2016-04-03 15:10:18'),(2,'floorplan2','2016-04-03 15:10:18','2016-04-03 15:10:18'),(3,'floorplan3','2016-04-03 15:10:18','2016-04-03 15:10:18'),(4,'floorplan4','2016-04-03 15:10:18','2016-04-03 15:10:18');
/*!40000 ALTER TABLE `floors` ENABLE KEYS */;
UNLOCK TABLES;

--
-- Table structure for table `nodes`
--

DROP TABLE IF EXISTS `nodes`;
/*!40101 SET @saved_cs_client     = @@character_set_client */;
/*!40101 SET character_set_client = utf8 */;
CREATE TABLE `nodes` (
  `node_id` varchar(255) NOT NULL,
  `label` varchar(255) DEFAULT NULL,
  `x` double DEFAULT NULL,
  `y` double DEFAULT NULL,
  `coordinate_set` tinyint(1) DEFAULT '0',
  `sensor_type` varchar(255) DEFAULT NULL,
  `mac_address` varchar(255) DEFAULT NULL,
  `last_transmission` varchar(255) DEFAULT NULL,
  `packets_sent` int(11) DEFAULT NULL,
  `packets_received` int(11) DEFAULT NULL,
  `floor_number` int(11) DEFAULT NULL,
  `createdAt` datetime NOT NULL,
  `updatedAt` datetime NOT NULL,
  PRIMARY KEY (`node_id`)
) ENGINE=InnoDB DEFAULT CHARSET=utf8;
/*!40101 SET character_set_client = @saved_cs_client */;

--
-- Dumping data for table `nodes`
--

LOCK TABLES `nodes` WRITE;
/*!40000 ALTER TABLE `nodes` DISABLE KEYS */;
INSERT INTO `nodes` VALUES ('n1','Node1',695.1748716232993,137.72917703496128,1,'Temperature','DD-70-C5-9B-D0-41','kcw4w1giudi',13,2,1,'2016-04-03 15:10:18','2016-04-03 15:10:18'),('n10','Node10',579.5793763778192,229.87268737423904,1,'Light Intensity','99-E6-96-AA-A1-33','5ca92g9zfr',73,57,1,'2016-04-03 15:10:18','2016-04-03 15:10:18'),('n100','Node100',598.4522405922197,190.85049496918288,1,'Pressure','99-E6-96-AA-A1-33','3nux53wstt9',49,14,1,'2016-04-03 15:10:18','2016-04-03 15:10:18'),('n101','Node101',273.15263764545693,266.7376109538538,1,'Pressure','84-8C-FD-DE-24-AC','75l5q1fko6r',7,94,1,'2016-04-03 15:10:18','2016-04-03 15:10:18'),('n102','Node102',302.84345009369645,149.13139450117723,1,'Light Intensity','D7-74-55-47-AB-07','4o197ywg66r',93,75,1,'2016-04-03 15:10:18','2016-04-03 15:10:18'),('n103','Node103',337.0618693234217,225.08607024400274,1,'Temperature','DD-70-C5-9B-D0-41','flymmvuc8fr',66,59,1,'2016-04-03 15:10:18','2016-04-03 15:10:18'),('n104','Node104',747.9947605859232,307.05586766669387,1,'Humidity','3C-8C-BD-6B-AE-22','0ljf31ve7b9',6,75,1,'2016-04-03 15:10:18','2016-04-03 15:10:18'),('n105','Node105',413.55774493207,57.449926393822125,1,'Pressure','DD-61-A3-D8-F9-C6','nzujwu680k9',22,51,1,'2016-04-03 15:10:18','2016-04-03 15:10:18'),('n106','Node106',665.7734625209864,117.20330159779635,1,'Pressure','99-E6-96-AA-A1-33','61a5lv7vi',79,76,1,'2016-04-03 15:10:18','2016-04-03 15:10:18'),('n107','Node107',606.2452208074682,272.6420073263057,1,'Humidity','DD-61-A3-D8-F9-C6','rl0wqe8w7b9',1,36,1,'2016-04-03 15:10:18','2016-04-03 15:10:18'),('n108','Node108',85.52287954093089,274.79484983690395,1,'Light Intensity','84-8C-FD-DE-24-AC','ogar5obhuxr',36,52,1,'2016-04-03 15:10:18','2016-04-03 15:10:18'),('n109','Node109',111.49923076473908,82.39927138942255,1,'Light Intensity','D7-74-55-47-AB-07','kdjzux1dcxr',39,31,1,'2016-04-03 15:10:18','2016-04-03 15:10:18'),('n11','Node11',653.6415312297634,146.63909000007288,1,'Humidity','56-C6-26-8D-02-DC','eq21zzd7vi',70,62,1,'2016-04-03 15:10:18','2016-04-03 15:10:18'),('n110','Node110',209.50856501989728,126.77651321269485,1,'Pressure','DD-61-A3-D8-F9-C6','7z87g69lik9',34,85,1,'2016-04-03 15:10:18','2016-04-03 15:10:18'),('n111','Node111',555.1480960193751,85.57359395822056,1,'Temperature','DD-61-A3-D8-F9-C6','rl6sz0hehfr',6,40,1,'2016-04-03 15:10:18','2016-04-03 15:10:18'),('n112','Node112',74.38221220937461,240.38103990641955,1,'Humidity','84-8C-FD-DE-24-AC','i2ep4btvs4i',71,88,1,'2016-04-03 15:10:18','2016-04-03 15:10:18'),('n113','Node113',410.85080376551554,334.8618812980374,1,'Light Intensity','84-8C-FD-DE-24-AC','wv7cq1cq5mi',72,91,1,'2016-04-03 15:10:18','2016-04-03 15:10:18'),('n114','Node114',701.5215780447375,102.95765588162784,1,'Pressure','69-81-38-8F-58-AC','ifb5z96n7b9',67,25,1,'2016-04-03 15:10:18','2016-04-03 15:10:18'),('n115','Node115',272.5865557511649,87.98312220118443,1,'Light Intensity','D7-74-55-47-AB-07','nys9k2lc8fr',44,64,1,'2016-04-03 15:10:18','2016-04-03 15:10:18'),('n116','Node116',197.1484275714936,151.82059035483323,1,'Humidity','DD-61-A3-D8-F9-C6','fjc97c4bo6r',61,32,1,'2016-04-03 15:10:18','2016-04-03 15:10:18'),('n117','Node117',547.2402207614215,253.17627972468176,1,'Pressure','3C-8C-BD-6B-AE-22','7vjto9lik9',93,76,1,'2016-04-03 15:10:18','2016-04-03 15:10:18'),('n118','Node118',598.4319890491828,117.39436792805489,1,'Temperature','DD-61-A3-D8-F9-C6','wl4r77ujtt9',17,31,1,'2016-04-03 15:10:18','2016-04-03 15:10:18'),('n119','Node119',383.2487691153769,249.0551879445738,1,'Pressure','84-8C-FD-DE-24-AC','4gr0kn8kt9',99,79,1,'2016-04-03 15:10:18','2016-04-03 15:10:18'),('n12','Node12',231.54437238958087,291.7972753925052,1,'Temperature','F3-EA-61-C5-E9-CC','g5z93fvfgvi',5,62,1,'2016-04-03 15:10:18','2016-04-03 15:10:18'),('n120','Node120',497.82660814994466,198.24002662363972,1,'Temperature','3C-8C-BD-6B-AE-22','lhzqytzw7b9',33,31,1,'2016-04-03 15:10:18','2016-04-03 15:10:18'),('n121','Node121',237.43184731169146,208.44152850908927,1,'Humidity','DD-61-A3-D8-F9-C6','0vayyix80k9',57,46,1,'2016-04-03 15:10:18','2016-04-03 15:10:18'),('n122','Node122',472.0669106921231,183.78506047598793,1,'Light Intensity','99-E6-96-AA-A1-33','wgfqc5fjemi',95,82,1,'2016-04-03 15:10:18','2016-04-03 15:10:18'),('n123','Node123',79.81099338130116,332.48283252011464,1,'Light Intensity','DD-70-C5-9B-D0-41','cd14ij7zaor',51,57,1,'2016-04-03 15:10:18','2016-04-03 15:10:18'),('n124','Node124',315.83428691363633,68.97427245454298,1,'Humidity','84-8C-FD-DE-24-AC','uqxku26s9k9',42,62,1,'2016-04-03 15:10:18','2016-04-03 15:10:18'),('n125','Node125',141.70010793337616,292.99552179673105,1,'Pressure','D7-74-55-47-AB-07','uy94c34ygb9',89,61,1,'2016-04-03 15:10:18','2016-04-03 15:10:18'),('n126','Node126',660.8586228928971,306.93601990774823,1,'Light Intensity','D7-74-55-47-AB-07','huyxujfko6r',85,46,1,'2016-04-03 15:10:18','2016-04-03 15:10:18'),('n127','Node127',241.71523657976581,343.3523178768076,1,'Light Intensity','D7-74-55-47-AB-07','0ir6m4vaemi',84,90,1,'2016-04-03 15:10:18','2016-04-03 15:10:18'),('n128','Node128',334.75337888880426,170.75116470882372,1,'Humidity','56-C6-26-8D-02-DC','qw33h8jv2t9',93,88,1,'2016-04-03 15:10:18','2016-04-03 15:10:18'),('n129','Node129',412.7046418325444,284.8236589091806,1,'Temperature','D7-74-55-47-AB-07','u6vzxpf1or',68,94,1,'2016-04-03 15:10:18','2016-04-03 15:10:18'),('n13','Node13',499.4139677640683,157.90805957336624,1,'Light Intensity','69-81-38-8F-58-AC','13p20w45cdi',67,48,1,'2016-04-03 15:10:18','2016-04-03 15:10:18'),('n130','Node130',79.00916309069586,208.91308184855,1,'Humidity','84-8C-FD-DE-24-AC','gwin35qxgvi',29,95,1,'2016-04-03 15:10:18','2016-04-03 15:10:18'),('n131','Node131',453.87793760273246,272.88732656497695,1,'Light Intensity','DD-70-C5-9B-D0-41','96ywl5l8fr',96,17,1,'2016-04-03 15:10:18','2016-04-03 15:10:18'),('n132','Node132',491.15041457818415,271.19014897733274,1,'Light Intensity','84-8C-FD-DE-24-AC','mq6gr885mi',30,65,1,'2016-04-03 15:10:18','2016-04-03 15:10:18'),('n133','Node133',525.5383122984083,163.23401093970696,1,'Temperature','DD-61-A3-D8-F9-C6','glr85nx9a4i',95,84,1,'2016-04-03 15:10:18','2016-04-03 15:10:18'),('n134','Node134',592.9772480831551,314.529720282219,1,'Pressure','DD-61-A3-D8-F9-C6','wanzi307ldi',97,27,1,'2016-04-03 15:10:18','2016-04-03 15:10:18'),('n135','Node135',739.6297125776146,225.7449529948678,1,'Humidity','3C-8C-BD-6B-AE-22','aaf31ve7b9',51,62,1,'2016-04-03 15:10:18','2016-04-03 15:10:18'),('n136','Node136',718.67844483202,192.06610044762957,1,'Light Intensity','3C-8C-BD-6B-AE-22','2d4mfna5rk9',80,78,1,'2016-04-03 15:10:18','2016-04-03 15:10:18'),('n137','Node137',482.8904673111175,243.6990303530372,1,'Light Intensity','84-8C-FD-DE-24-AC','2i1q0x2bj4i',59,25,1,'2016-04-03 15:10:18','2016-04-03 15:10:18'),('n138','Node138',623.5112842562854,132.82717599450012,1,'Pressure','D7-74-55-47-AB-07','pd1j0q0vn29',29,50,1,'2016-04-03 15:10:18','2016-04-03 15:10:18'),('n139','Node139',672.8149215217413,84.5570233737472,1,'Humidity','D7-74-55-47-AB-07','qkxfkihpvi',29,68,1,'2016-04-03 15:10:18','2016-04-03 15:10:18'),('n14','Node14',438.66255866067104,119.09848901383862,1,'Pressure','3C-8C-BD-6B-AE-22','i9oajicc8fr',86,10,1,'2016-04-03 15:10:18','2016-04-03 15:10:18'),('n140','Node140',434.18988270489297,172.54699931634315,1,'Light Intensity','F3-EA-61-C5-E9-CC','on4pjlfecdi',77,17,1,'2016-04-03 15:10:18','2016-04-03 15:10:18'),('n141','Node141',169.68847413997344,205.0764562345542,1,'Pressure','84-8C-FD-DE-24-AC','6gw40w6zuxr',63,94,1,'2016-04-03 15:10:18','2016-04-03 15:10:18'),('n142','Node142',328.8715332128531,114.90392054916435,1,'Light Intensity','F3-EA-61-C5-E9-CC','9ipmy9wl8fr',74,4,1,'2016-04-03 15:10:18','2016-04-03 15:10:18'),('n143','Node143',364.46150981318254,187.67617136499794,1,'Temperature','DD-70-C5-9B-D0-41','wd78enuerk9',28,87,1,'2016-04-03 15:10:18','2016-04-03 15:10:18'),('n144','Node144',720.0734868050424,318.15130348296594,1,'Temperature','3C-8C-BD-6B-AE-22','65lcpiudi',41,0,1,'2016-04-03 15:10:18','2016-04-03 15:10:18'),('n145','Node145',389.4524130164227,221.64436677587375,1,'Humidity','99-E6-96-AA-A1-33','f6skgoxn7b9',86,54,1,'2016-04-03 15:10:18','2016-04-03 15:10:18'),('n146','Node146',273.0889498276499,116.83239386222144,1,'Humidity','3C-8C-BD-6B-AE-22','fauxlu6usor',69,13,1,'2016-04-03 15:10:18','2016-04-03 15:10:18'),('n147','Node147',422.2177987070908,88.41676549448357,1,'Humidity','D7-74-55-47-AB-07','sfr4g6i529',57,25,1,'2016-04-03 15:10:18','2016-04-03 15:10:18'),('n148','Node148',430.45977440200176,351.5682657206485,1,'Pressure','84-8C-FD-DE-24-AC','2drck2csor',75,12,1,'2016-04-03 15:10:18','2016-04-03 15:10:18'),('n149','Node149',555.2207898914686,287.4893734612829,1,'Humidity','3C-8C-BD-6B-AE-22','76byt84obt9',90,63,1,'2016-04-03 15:10:18','2016-04-03 15:10:18'),('n15','Node15',296.660757623081,274.12087738242394,1,'Pressure','3C-8C-BD-6B-AE-22','63n3gfd2t9',3,49,1,'2016-04-03 15:10:18','2016-04-03 15:10:18'),('n150','Node150',610.19341544494,238.40187433602506,1,'Pressure','3C-8C-BD-6B-AE-22','ylsp0lzncdi',80,79,1,'2016-04-03 15:10:18','2016-04-03 15:10:18'),('n151','Node151',634.8793084255418,188.08682389067357,1,'Humidity','69-81-38-8F-58-AC','8upd251m7vi',75,75,2,'2016-04-03 15:10:18','2016-04-03 15:10:18'),('n152','Node152',569.3963983777653,196.33904461771328,1,'Humidity','56-C6-26-8D-02-DC','yy07nv78pvi',72,48,2,'2016-04-03 15:10:18','2016-04-03 15:10:18'),('n153','Node153',707.8218215299842,129.96748138200212,1,'Temperature','F3-EA-61-C5-E9-CC','vr6j0qqia4i',17,93,2,'2016-04-03 15:10:18','2016-04-03 15:10:18'),('n154','Node154',170.34959925171364,201.40283834457202,1,'Temperature','84-8C-FD-DE-24-AC','6mu94b73nmi',65,58,2,'2016-04-03 15:10:18','2016-04-03 15:10:18'),('n155','Node155',123.67794786506838,72.27520333348595,1,'Humidity','3C-8C-BD-6B-AE-22','jeokvu9dx6r',82,22,2,'2016-04-03 15:10:18','2016-04-03 15:10:18'),('n156','Node156',168.03293339365865,142.2464105321743,1,'Pressure','56-C6-26-8D-02-DC','msokexko6r',47,11,2,'2016-04-03 15:10:18','2016-04-03 15:10:18'),('n157','Node157',534.1017776477445,258.19587911079884,1,'Temperature','DD-70-C5-9B-D0-41','gf9vvs7cik9',15,64,2,'2016-04-03 15:10:18','2016-04-03 15:10:18'),('n158','Node158',28.863857882839397,131.96265059123198,1,'Temperature','56-C6-26-8D-02-DC','byf3k0xjemi',28,64,2,'2016-04-03 15:10:18','2016-04-03 15:10:18'),('n159','Node159',745.065308086833,122.32813826916828,1,'Light Intensity','F3-EA-61-C5-E9-CC','8zp2r8dunmi',47,78,2,'2016-04-03 15:10:18','2016-04-03 15:10:18'),('n16','Node16',677.3880994271105,166.80970486164617,1,'Humidity','D7-74-55-47-AB-07','jddk6b6gvi',18,13,1,'2016-04-03 15:10:18','2016-04-03 15:10:18'),('n160','Node160',254.29993233961176,293.49272413826037,1,'Light Intensity','99-E6-96-AA-A1-33','rve1hevobt9',43,20,2,'2016-04-03 15:10:18','2016-04-03 15:10:18'),('n161','Node161',745.1214691196013,67.90903032889389,1,'Temperature','D7-74-55-47-AB-07','isdyp17cik9',59,20,2,'2016-04-03 15:10:18','2016-04-03 15:10:18'),('n162','Node162',599.9495551371605,255.45114244304148,1,'Light Intensity','F3-EA-61-C5-E9-CC','d2639chxgvi',91,45,2,'2016-04-03 15:10:18','2016-04-03 15:10:18'),('n163','Node163',709.4456105422468,185.94758289436345,1,'Humidity','DD-61-A3-D8-F9-C6','e0cu15rk9',18,31,2,'2016-04-03 15:10:18','2016-04-03 15:10:18'),('n164','Node164',749.4962941039946,344.8687213244167,1,'Temperature','69-81-38-8F-58-AC','2uzujv8ia4i',29,45,2,'2016-04-03 15:10:18','2016-04-03 15:10:18'),('n165','Node165',351.0422845521663,237.23879140658573,1,'Temperature','3C-8C-BD-6B-AE-22','wpnttl3ow29',2,18,2,'2016-04-03 15:10:18','2016-04-03 15:10:18'),('n166','Node166',209.60579798618267,110.06860854278023,1,'Pressure','99-E6-96-AA-A1-33','946fb2wqaor',64,3,2,'2016-04-03 15:10:18','2016-04-03 15:10:18'),('n167','Node167',529.6633136324176,226.9231564442624,1,'Temperature','69-81-38-8F-58-AC','jlkhclt0529',77,72,2,'2016-04-03 15:10:18','2016-04-03 15:10:18'),('n168','Node168',266.1405526114607,360.134584959939,1,'Pressure','56-C6-26-8D-02-DC','yzkcqq9qkt9',89,5,2,'2016-04-03 15:10:18','2016-04-03 15:10:18'),('n169','Node169',564.1996500771263,70.88127861702876,1,'Light Intensity','D7-74-55-47-AB-07','zcb6km1v2t9',55,23,2,'2016-04-03 15:10:18','2016-04-03 15:10:18'),('n17','Node17',356.18270588463537,208.30144532648032,1,'Humidity','DD-61-A3-D8-F9-C6','o90o46g8pvi',91,28,1,'2016-04-03 15:10:18','2016-04-03 15:10:18'),('n170','Node170',46.4541236776289,353.7250374188171,1,'Humidity','F3-EA-61-C5-E9-CC','h03zxueg66r',8,33,2,'2016-04-03 15:10:18','2016-04-03 15:10:18'),('n171','Node171',167.2021314513503,233.54129047384077,1,'Pressure','56-C6-26-8D-02-DC','71e2dzehfr',82,98,2,'2016-04-03 15:10:18','2016-04-03 15:10:18'),('n172','Node172',211.70539710647006,290.1978901859737,1,'Light Intensity','F3-EA-61-C5-E9-CC','fwk8j3ba9k9',13,77,2,'2016-04-03 15:10:18','2016-04-03 15:10:18'),('n173','Node173',635.7961764416389,222.1352851184102,1,'Temperature','D7-74-55-47-AB-07','cx3l1ru23xr',25,81,2,'2016-04-03 15:10:18','2016-04-03 15:10:18'),('n174','Node174',743.5804894713956,220.42323133547322,1,'Pressure','84-8C-FD-DE-24-AC','ktnm6yr2j4i',74,25,2,'2016-04-03 15:10:18','2016-04-03 15:10:18'),('n175','Node175',44.867128906524954,230.58410174186275,1,'Humidity','DD-61-A3-D8-F9-C6','aqnxzz7iudi',77,75,2,'2016-04-03 15:10:18','2016-04-03 15:10:18'),('n176','Node176',526.0619430706058,71.66151026191943,1,'Light Intensity','3C-8C-BD-6B-AE-22','emxf0xp3nmi',27,42,2,'2016-04-03 15:10:18','2016-04-03 15:10:18'),('n177','Node177',44.939766873088445,260.8043521874166,1,'Temperature','D7-74-55-47-AB-07','mhrcg5e9udi',60,74,2,'2016-04-03 15:10:18','2016-04-03 15:10:18'),('n178','Node178',44.27227521504322,317.8537020202183,1,'Light Intensity','DD-70-C5-9B-D0-41','8mj33zkhuxr',31,82,2,'2016-04-03 15:10:18','2016-04-03 15:10:18'),('n179','Node179',560.3730066600458,135.36421876983533,1,'Light Intensity','F3-EA-61-C5-E9-CC','t83ao72e29',65,70,2,'2016-04-03 15:10:18','2016-04-03 15:10:18'),('n18','Node18',483.59098533447474,309.1918114487371,1,'Humidity','D7-74-55-47-AB-07','b60g16mvx6r',46,96,1,'2016-04-03 15:10:18','2016-04-03 15:10:18'),('n180','Node180',796.6178765377673,343.93982053425265,1,'Pressure','DD-70-C5-9B-D0-41','jz7ywmkuik9',10,64,2,'2016-04-03 15:10:18','2016-04-03 15:10:18'),('n181','Node181',41.040034366353325,290.48581606249206,1,'Humidity','F3-EA-61-C5-E9-CC','1a1xbfq1tt9',57,61,2,'2016-04-03 15:10:18','2016-04-03 15:10:18'),('n182','Node182',669.8325478484634,191.9089673142936,1,'Humidity','F3-EA-61-C5-E9-CC','5b5474g3nmi',66,4,2,'2016-04-03 15:10:18','2016-04-03 15:10:18'),('n183','Node183',253.73461067507776,142.71121895621926,1,'Pressure','3C-8C-BD-6B-AE-22','81rrkep14i',39,54,2,'2016-04-03 15:10:18','2016-04-03 15:10:18'),('n184','Node184',567.6390294529558,260.77327610623945,1,'Temperature','D7-74-55-47-AB-07','xjx2ukp4x6r',91,89,2,'2016-04-03 15:10:18','2016-04-03 15:10:18'),('n185','Node185',683.4978778432405,346.1070001359883,1,'Temperature','D7-74-55-47-AB-07','gd8wx4aq0k9',18,44,2,'2016-04-03 15:10:18','2016-04-03 15:10:18'),('n186','Node186',469.0003685861112,185.18862151358974,1,'Pressure','D7-74-55-47-AB-07','kp0zfe6ogvi',83,41,2,'2016-04-03 15:10:18','2016-04-03 15:10:18'),('n187','Node187',171.38032092213956,322.8657087341527,1,'Temperature','99-E6-96-AA-A1-33','3y0rzw4gqfr',91,40,2,'2016-04-03 15:10:18','2016-04-03 15:10:18'),('n188','Node188',254.89898528245686,110.9565080578209,1,'Humidity','56-C6-26-8D-02-DC','c1ko61dcxr',84,29,2,'2016-04-03 15:10:18','2016-04-03 15:10:18'),('n189','Node189',741.6291410718259,184.28882992106878,1,'Temperature','3C-8C-BD-6B-AE-22','ujs5kz6ko6r',45,25,2,'2016-04-03 15:10:18','2016-04-03 15:10:18'),('n19','Node19',308.1948628498772,305.5719779061224,1,'Pressure','56-C6-26-8D-02-DC','j5s09newmi',99,87,1,'2016-04-03 15:10:18','2016-04-03 15:10:18'),('n190','Node190',209.28810761552165,203.469037446683,1,'Light Intensity','DD-61-A3-D8-F9-C6','vfcrbzf47vi',93,10,2,'2016-04-03 15:10:18','2016-04-03 15:10:18'),('n191','Node191',169.35138515117754,260.0776694358552,1,'Humidity','DD-70-C5-9B-D0-41','xdlaeeo2yb9',18,25,2,'2016-04-03 15:10:18','2016-04-03 15:10:18'),('n192','Node192',119.65504042628129,34.71429501203079,1,'Humidity','56-C6-26-8D-02-DC','gpr2sqhncdi',60,29,2,'2016-04-03 15:10:18','2016-04-03 15:10:18'),('n193','Node193',646.9333291521689,350.9138384926327,1,'Pressure','56-C6-26-8D-02-DC','zjjbj9hehfr',81,78,2,'2016-04-03 15:10:18','2016-04-03 15:10:18'),('n194','Node194',711.8011067625353,281.36068129490064,1,'Temperature','DD-70-C5-9B-D0-41','b83t3ce4s4i',13,30,2,'2016-04-03 15:10:18','2016-04-03 15:10:18'),('n195','Node195',120.88255884159526,261.27705852395957,1,'Temperature','D7-74-55-47-AB-07','tznw6axxbt9',48,97,2,'2016-04-03 15:10:18','2016-04-03 15:10:18'),('n196','Node196',679.0130033620794,283.06486724070817,1,'Humidity','F3-EA-61-C5-E9-CC','z30e6fxbt9',40,39,2,'2016-04-03 15:10:18','2016-04-03 15:10:18'),('n197','Node197',31.418879995454915,70.36637877590854,1,'Humidity','69-81-38-8F-58-AC','7vf0a0xusor',35,96,2,'2016-04-03 15:10:18','2016-04-03 15:10:18'),('n198','Node198',789.3501694868924,130.72144682774075,1,'Pressure','D7-74-55-47-AB-07','ye1rowasjor',19,1,2,'2016-04-03 15:10:18','2016-04-03 15:10:18'),('n199','Node199',210.15467201605173,139.9985140847386,1,'Humidity','3C-8C-BD-6B-AE-22','r2uzs5dbo6r',68,44,2,'2016-04-03 15:10:18','2016-04-03 15:10:18'),('n2','Node2',59.39060587386547,80.72729600773695,1,'Humidity','F3-EA-61-C5-E9-CC','oy2zyc766r',85,24,1,'2016-04-03 15:10:18','2016-04-03 15:10:18'),('n20','Node20',468.93643955702345,352.0891527529617,1,'Pressure','56-C6-26-8D-02-DC','rkhv5rbpgb9',15,31,1,'2016-04-03 15:10:18','2016-04-03 15:10:18'),('n200','Node200',78.39967576499959,199.54996767955217,1,'Humidity','56-C6-26-8D-02-DC','o6rufmvx6r',7,29,2,'2016-04-03 15:10:18','2016-04-03 15:10:18'),('n201','Node201',714.9846128650017,346.7868580908277,1,'Temperature','84-8C-FD-DE-24-AC','b0ptw5ng66r',76,7,2,'2016-04-03 15:10:18','2016-04-03 15:10:18'),('n202','Node202',779.4523425993314,66.1284573510336,1,'Humidity','DD-61-A3-D8-F9-C6','2o4036m9529',38,65,2,'2016-04-03 15:10:18','2016-04-03 15:10:18'),('n203','Node203',606.5420986838693,71.90412133126821,1,'Pressure','D7-74-55-47-AB-07','nxi3a6ecdi',53,86,2,'2016-04-03 15:10:18','2016-04-03 15:10:18'),('n204','Node204',708.2813415582816,100.15850616678975,1,'Humidity','99-E6-96-AA-A1-33','7enxe34bo6r',52,20,2,'2016-04-03 15:10:18','2016-04-03 15:10:18'),('n205','Node205',604.9581230861565,223.72058707441315,1,'Temperature','56-C6-26-8D-02-DC','jhspu5l8fr',73,50,2,'2016-04-03 15:10:18','2016-04-03 15:10:18'),('n206','Node206',674.0878126586424,252.45984952963443,1,'Humidity','F3-EA-61-C5-E9-CC','9c8v3mfs9k9',56,48,2,'2016-04-03 15:10:18','2016-04-03 15:10:18'),('n207','Node207',603.764214835812,167.3261526935871,1,'Light Intensity','D7-74-55-47-AB-07','m4xehppsyvi',30,23,2,'2016-04-03 15:10:18','2016-04-03 15:10:18'),('n208','Node208',213.59365609650115,357.8411751433032,1,'Pressure','84-8C-FD-DE-24-AC','gkno5g0hpvi',62,42,2,'2016-04-03 15:10:18','2016-04-03 15:10:18'),('n209','Node209',67.39026104295573,72.42891558115299,1,'Humidity','99-E6-96-AA-A1-33','twl22owdn29',97,80,2,'2016-04-03 15:10:18','2016-04-03 15:10:18'),('n21','Node21',353.9985326123358,106.29219380788228,1,'Light Intensity','F3-EA-61-C5-E9-CC','t61ovszto6r',35,17,1,'2016-04-03 15:10:18','2016-04-03 15:10:18'),('n210','Node210',127.14154512977902,318.5203803945674,1,'Humidity','84-8C-FD-DE-24-AC','zx9wtf647vi',51,73,2,'2016-04-03 15:10:18','2016-04-03 15:10:18'),('n211','Node211',41.31119399069732,166.910550890521,1,'Pressure','69-81-38-8F-58-AC','b6ab8en4s4i',72,72,2,'2016-04-03 15:10:18','2016-04-03 15:10:18'),('n212','Node212',641.8740776765136,320.5439296469944,1,'Pressure','DD-70-C5-9B-D0-41','j2wh9iqw7b9',63,0,2,'2016-04-03 15:10:18','2016-04-03 15:10:18'),('n213','Node213',709.2513116968297,312.8842387515887,1,'Humidity','DD-61-A3-D8-F9-C6','kxjco0qkt9',5,72,2,'2016-04-03 15:10:18','2016-04-03 15:10:18'),('n214','Node214',209.39531356948098,44.6171262447036,1,'Temperature','56-C6-26-8D-02-DC','yj0zroa8aor',34,11,2,'2016-04-03 15:10:18','2016-04-03 15:10:18'),('n215','Node215',125.15820763850851,198.85065765766294,1,'Pressure','56-C6-26-8D-02-DC','c4pvkbakyb9',40,10,2,'2016-04-03 15:10:18','2016-04-03 15:10:18'),('n216','Node216',126.26336421100586,141.50649563686807,1,'Temperature','DD-70-C5-9B-D0-41','z3szqn9izfr',93,30,2,'2016-04-03 15:10:18','2016-04-03 15:10:18'),('n217','Node217',601.9285294946338,195.5588987896298,1,'Humidity','DD-70-C5-9B-D0-41','kna82utyb9',15,10,2,'2016-04-03 15:10:18','2016-04-03 15:10:18'),('n218','Node218',669.7850268401862,99.53863524267427,1,'Temperature','DD-70-C5-9B-D0-41','x5zevobt9',29,43,2,'2016-04-03 15:10:18','2016-04-03 15:10:18'),('n219','Node219',708.6485935391339,220.56888561074078,1,'Humidity','3C-8C-BD-6B-AE-22','g1l1ve7b9',20,30,2,'2016-04-03 15:10:18','2016-04-03 15:10:18'),('n22','Node22',289.6862705415083,243.46815650551594,1,'Temperature','D7-74-55-47-AB-07','y5hudzsq0k9',79,34,1,'2016-04-03 15:10:18','2016-04-03 15:10:18'),('n220','Node220',253.0703792774654,178.11668882482905,1,'Temperature','99-E6-96-AA-A1-33','sis6vlvj9k9',7,26,2,'2016-04-03 15:10:18','2016-04-03 15:10:18'),('n221','Node221',39.50818747924981,198.47112444184782,1,'Pressure','DD-61-A3-D8-F9-C6','v48oada38fr',19,63,2,'2016-04-03 15:10:18','2016-04-03 15:10:18'),('n222','Node222',528.2855283355262,197.60348284252677,1,'Temperature','99-E6-96-AA-A1-33','dyegdhg2e29',2,9,2,'2016-04-03 15:10:18','2016-04-03 15:10:18'),('n223','Node223',169.45150143832328,175.24059305686615,1,'Pressure','56-C6-26-8D-02-DC','vy7mwbfbt9',84,27,2,'2016-04-03 15:10:18','2016-04-03 15:10:18'),('n224','Node224',672.2502492808868,163.35549363057004,1,'Pressure','DD-61-A3-D8-F9-C6','nx1v0urqkt9',77,73,2,'2016-04-03 15:10:18','2016-04-03 15:10:18'),('n225','Node225',674.173506704601,220.96541394706833,1,'Pressure','56-C6-26-8D-02-DC','66xp2l6jemi',31,72,2,'2016-04-03 15:10:18','2016-04-03 15:10:18'),('n226','Node226',85.13461095526574,292.4282150910049,1,'Temperature','84-8C-FD-DE-24-AC','hswwubx1or',20,89,2,'2016-04-03 15:10:18','2016-04-03 15:10:18'),('n227','Node227',572.1687361000854,290.699463874853,1,'Pressure','F3-EA-61-C5-E9-CC','r20ejfnipb9',12,28,2,'2016-04-03 15:10:18','2016-04-03 15:10:18'),('n228','Node228',539.4465041866101,359.73776351181755,1,'Pressure','69-81-38-8F-58-AC','5qeyx9cz0k9',32,27,2,'2016-04-03 15:10:18','2016-04-03 15:10:18'),('n229','Node229',209.70290946514538,76.8250134729455,1,'Temperature','84-8C-FD-DE-24-AC','ib104b73nmi',97,86,2,'2016-04-03 15:10:18','2016-04-03 15:10:18'),('n23','Node23',689.3109302897458,339.4044237024483,1,'Pressure','69-81-38-8F-58-AC','jmk9lpojemi',41,49,1,'2016-04-03 15:10:18','2016-04-03 15:10:18'),('n230','Node230',601.4933353876311,289.41932444420274,1,'Humidity','84-8C-FD-DE-24-AC','ar06wa2x1or',17,53,2,'2016-04-03 15:10:18','2016-04-03 15:10:18'),('n231','Node231',29.615507771567707,36.57994048394332,1,'Humidity','84-8C-FD-DE-24-AC','97aanel8fr',33,46,2,'2016-04-03 15:10:18','2016-04-03 15:10:18'),('n232','Node232',253.3488123602965,47.315820546654976,1,'Light Intensity','56-C6-26-8D-02-DC','w2b4vx6r',47,66,2,'2016-04-03 15:10:18','2016-04-03 15:10:18'),('n233','Node233',564.5165796477412,167.74594721058827,1,'Humidity','69-81-38-8F-58-AC','0y2v0jdobt9',40,97,2,'2016-04-03 15:10:18','2016-04-03 15:10:18'),('n234','Node234',635.4903797859454,70.84802144578026,1,'Light Intensity','99-E6-96-AA-A1-33','pb9yfsqncdi',14,36,2,'2016-04-03 15:10:18','2016-04-03 15:10:18'),('n235','Node235',632.479624172444,160.03470198232404,1,'Humidity','DD-61-A3-D8-F9-C6','s3ku94o0f6r',50,26,2,'2016-04-03 15:10:18','2016-04-03 15:10:18'),('n236','Node236',634.0503728141059,96.57791123476116,1,'Temperature','99-E6-96-AA-A1-33','e28rzoajor',19,7,2,'2016-04-03 15:10:18','2016-04-03 15:10:18'),('n237','Node237',678.7952173963031,315.6462790304378,1,'Temperature','D7-74-55-47-AB-07','sh4igdgqfr',37,58,2,'2016-04-03 15:10:18','2016-04-03 15:10:18'),('n238','Node238',120.75382084533962,231.6033466482408,1,'Pressure','F3-EA-61-C5-E9-CC','snf42027qfr',29,78,2,'2016-04-03 15:10:18','2016-04-03 15:10:18'),('n239','Node239',671.5385126811157,72.97274148378278,1,'Humidity','D7-74-55-47-AB-07','n9sam5qm2t9',5,13,2,'2016-04-03 15:10:18','2016-04-03 15:10:18'),('n24','Node24',475.0137679398104,140.59702522300822,1,'Humidity','99-E6-96-AA-A1-33','9t1pnqxgvi',28,93,1,'2016-04-03 15:10:18','2016-04-03 15:10:18'),('n240','Node240',744.0448214667011,94.4932070419054,1,'Humidity','F3-EA-61-C5-E9-CC','5cl1i82gldi',45,59,2,'2016-04-03 15:10:18','2016-04-03 15:10:18'),('n241','Node241',83.56474250144268,318.4586629225969,1,'Temperature','DD-61-A3-D8-F9-C6','aswwvxkzkt9',46,20,2,'2016-04-03 15:10:18','2016-04-03 15:10:18'),('n242','Node242',126.07545438823544,359.5093959259543,1,'Humidity','DD-61-A3-D8-F9-C6','dce504tpgb9',15,60,2,'2016-04-03 15:10:18','2016-04-03 15:10:18'),('n243','Node243',790.3189998494136,195.8425356435499,1,'Light Intensity','3C-8C-BD-6B-AE-22','pfgy63whfr',53,64,2,'2016-04-03 15:10:18','2016-04-03 15:10:18'),('n244','Node244',210.9734349056854,322.6560344794611,1,'Temperature','99-E6-96-AA-A1-33','5n1v7fu5wmi',57,9,2,'2016-04-03 15:10:18','2016-04-03 15:10:18'),('n245','Node245',167.3993433473089,72.46503493693561,1,'Humidity','69-81-38-8F-58-AC','5573wp9o1or',63,91,2,'2016-04-03 15:10:18','2016-04-03 15:10:18'),('n246','Node246',527.4390407628046,168.90968871598557,1,'Light Intensity','69-81-38-8F-58-AC','fmu342f0f6r',17,32,2,'2016-04-03 15:10:18','2016-04-03 15:10:18'),('n247','Node247',709.276754028438,71.07179416178366,1,'Light Intensity','99-E6-96-AA-A1-33','4aw2t40lik9',63,57,2,'2016-04-03 15:10:18','2016-04-03 15:10:18'),('n248','Node248',574.8529477405793,323.7388925515577,1,'Temperature','D7-74-55-47-AB-07','zyldy0newmi',86,3,2,'2016-04-03 15:10:18','2016-04-03 15:10:18'),('n249','Node249',527.7437686116065,138.01779062396275,1,'Temperature','56-C6-26-8D-02-DC','vmzrp69lik9',0,25,2,'2016-04-03 15:10:18','2016-04-03 15:10:18'),('n25','Node25',725.5410520662851,147.85092151315786,1,'Light Intensity','56-C6-26-8D-02-DC','0vcn0yq4cxr',48,77,1,'2016-04-03 15:10:18','2016-04-03 15:10:18'),('n250','Node250',602.3648559947609,136.20773617555196,1,'Pressure','F3-EA-61-C5-E9-CC','xhm2a10pb9',59,6,2,'2016-04-03 15:10:18','2016-04-03 15:10:18'),('n251','Node251',34.299346802923736,99.5118040709813,1,'Humidity','3C-8C-BD-6B-AE-22','a6vtvuz0k9',28,15,2,'2016-04-03 15:10:18','2016-04-03 15:10:18'),('n252','Node252',711.5434511441724,251.51905507161035,1,'Pressure','84-8C-FD-DE-24-AC','1qquimdvx6r',79,69,2,'2016-04-03 15:10:18','2016-04-03 15:10:18'),('n253','Node253',74.48915196957378,140.29699710413738,1,'Humidity','3C-8C-BD-6B-AE-22','2raoqtlc8fr',73,30,2,'2016-04-03 15:10:18','2016-04-03 15:10:18'),('n254','Node254',254.97071626354762,215.49418900973757,1,'Pressure','D7-74-55-47-AB-07','uz8okvb1emi',75,89,2,'2016-04-03 15:10:18','2016-04-03 15:10:18'),('n255','Node255',788.7198837177322,281.04659603411574,1,'Light Intensity','DD-61-A3-D8-F9-C6','n31vklz0k9',99,86,2,'2016-04-03 15:10:18','2016-04-03 15:10:18'),('n256','Node256',675.6683036557956,135.50991770309122,1,'Temperature','56-C6-26-8D-02-DC','x5m1xqx5hfr',52,59,2,'2016-04-03 15:10:18','2016-04-03 15:10:18'),('n257','Node257',83.46343090117213,230.62920412435602,1,'Temperature','3C-8C-BD-6B-AE-22','9u65p9o1or',76,18,2,'2016-04-03 15:10:18','2016-04-03 15:10:18'),('n258','Node258',209.14090453328734,179.81036589276457,1,'Temperature','DD-70-C5-9B-D0-41','5289kiysyvi',14,76,2,'2016-04-03 15:10:18','2016-04-03 15:10:18'),('n259','Node259',257.4183757306839,238.16224081399082,1,'Temperature','56-C6-26-8D-02-DC','t6773uqsemi',51,28,2,'2016-04-03 15:10:18','2016-04-03 15:10:18'),('n26','Node26',179.61749150608438,271.9702299579802,1,'Temperature','DD-70-C5-9B-D0-41','392xjhh0k9',15,85,1,'2016-04-03 15:10:18','2016-04-03 15:10:18'),('n260','Node260',743.6302286341772,313.55713123462635,1,'Pressure','DD-70-C5-9B-D0-41','5qp5c4ygb9',52,14,2,'2016-04-03 15:10:18','2016-04-03 15:10:18'),('n261','Node261',791.2401731908125,314.8780936235696,1,'Pressure','F3-EA-61-C5-E9-CC','u23rcc8fr',98,31,2,'2016-04-03 15:10:18','2016-04-03 15:10:18'),('n262','Node262',635.9607177025248,258.6227321070479,1,'Light Intensity','DD-61-A3-D8-F9-C6','wv1ghf47vi',71,58,2,'2016-04-03 15:10:18','2016-04-03 15:10:18'),('n263','Node263',83.16318061173763,260.85594018844546,1,'Humidity','DD-61-A3-D8-F9-C6','6kf0dl323xr',93,94,2,'2016-04-03 15:10:18','2016-04-03 15:10:18'),('n264','Node264',83.55519544722662,354.02039886772747,1,'Pressure','3C-8C-BD-6B-AE-22','0vfjy0vygb9',62,26,2,'2016-04-03 15:10:18','2016-04-03 15:10:18'),('n265','Node265',572.0890462590896,227.1602939232672,1,'Humidity','69-81-38-8F-58-AC','d8c0o58w7b9',0,71,2,'2016-04-03 15:10:18','2016-04-03 15:10:18'),('n266','Node266',125.34573820882264,108.80850488979993,1,'Humidity','DD-70-C5-9B-D0-41','vzice6x0f6r',85,31,2,'2016-04-03 15:10:18','2016-04-03 15:10:18'),('n267','Node267',203.71472203454425,236.20420732500742,1,'Light Intensity','F3-EA-61-C5-E9-CC','yub5uzestt9',55,96,2,'2016-04-03 15:10:18','2016-04-03 15:10:18'),('n268','Node268',252.80157562491553,79.05476151467438,1,'Humidity','DD-61-A3-D8-F9-C6','wa6jldz33di',22,15,2,'2016-04-03 15:10:18','2016-04-03 15:10:18'),('n269','Node269',600.2912228546832,102.33048078698528,1,'Humidity','69-81-38-8F-58-AC','m88qxrjxlxr',54,94,2,'2016-04-03 15:10:18','2016-04-03 15:10:18'),('n27','Node27',384.90722584128304,313.55802931981833,1,'Humidity','69-81-38-8F-58-AC','ntwstznnrk9',2,65,1,'2016-04-03 15:10:18','2016-04-03 15:10:18'),('n270','Node270',350.18233792051115,182.78670347795824,1,'Temperature','3C-8C-BD-6B-AE-22','q5c3z7ojemi',46,21,2,'2016-04-03 15:10:18','2016-04-03 15:10:18'),('n271','Node271',59.526041625587084,36.27699653153044,1,'Pressure','69-81-38-8F-58-AC','niev84r6bt9',7,29,2,'2016-04-03 15:10:18','2016-04-03 15:10:18'),('n272','Node272',631.063513814853,130.68706391933043,1,'Temperature','D7-74-55-47-AB-07','jvnlakmx6r',60,18,2,'2016-04-03 15:10:18','2016-04-03 15:10:18'),('n273','Node273',792.3385415230366,164.89687742273492,1,'Pressure','D7-74-55-47-AB-07','lfbya05dn29',51,49,2,'2016-04-03 15:10:18','2016-04-03 15:10:18'),('n274','Node274',165.80659249576354,41.62782643826267,1,'Pressure','DD-61-A3-D8-F9-C6','4r32vp9zfr',36,22,2,'2016-04-03 15:10:18','2016-04-03 15:10:18'),('n275','Node275',164.6011073365959,109.22866668774464,1,'Pressure','DD-61-A3-D8-F9-C6','zuakgiizfr',56,34,2,'2016-04-03 15:10:18','2016-04-03 15:10:18'),('n276','Node276',252.903557225067,268.59231273769706,1,'Light Intensity','3C-8C-BD-6B-AE-22','f8vn412lnmi',3,97,2,'2016-04-03 15:10:18','2016-04-03 15:10:18'),('n277','Node277',750.6351485011365,250.10096200970162,1,'Light Intensity','56-C6-26-8D-02-DC','noo1yw7mn29',81,35,2,'2016-04-03 15:10:18','2016-04-03 15:10:18'),('n278','Node278',748.9381871012963,283.3720627390302,1,'Light Intensity','84-8C-FD-DE-24-AC','ml45r5asjor',44,32,2,'2016-04-03 15:10:18','2016-04-03 15:10:18'),('n279','Node279',168.71618108023495,363.8853376605152,1,'Pressure','99-E6-96-AA-A1-33','gdhs2vmfgvi',41,58,2,'2016-04-03 15:10:18','2016-04-03 15:10:18'),('n28','Node28',509.82465199430544,121.91072220805046,1,'Humidity','D7-74-55-47-AB-07','q5ys3jtt9',55,77,1,'2016-04-03 15:10:18','2016-04-03 15:10:18'),('n280','Node280',122.36689622524767,169.99239540746402,1,'Pressure','99-E6-96-AA-A1-33','2tjktv2huxr',46,97,2,'2016-04-03 15:10:18','2016-04-03 15:10:18'),('n281','Node281',575.5862501580442,358.67287338077915,1,'Temperature','56-C6-26-8D-02-DC','g836ktvs4i',28,12,2,'2016-04-03 15:10:18','2016-04-03 15:10:18'),('n282','Node282',173.73736141160748,291.3509529665171,1,'Pressure','F3-EA-61-C5-E9-CC','81zxhxxyldi',9,82,2,'2016-04-03 15:10:18','2016-04-03 15:10:18'),('n283','Node283',787.1785452540889,96.92372464262357,1,'Temperature','DD-70-C5-9B-D0-41','ajf0lrtfbt9',10,17,2,'2016-04-03 15:10:18','2016-04-03 15:10:18'),('n284','Node284',527.8050904742163,98.46994480104105,1,'Light Intensity','99-E6-96-AA-A1-33','v2dvkq8semi',89,38,2,'2016-04-03 15:10:18','2016-04-03 15:10:18'),('n285','Node285',74.98598391345848,168.52274132383639,1,'Pressure','D7-74-55-47-AB-07','g107fbnjyvi',71,77,2,'2016-04-03 15:10:18','2016-04-03 15:10:18'),('n286','Node286',212.56104117303977,263.38805236347093,1,'Light Intensity','F3-EA-61-C5-E9-CC','9tdi4zehfr',24,56,2,'2016-04-03 15:10:18','2016-04-03 15:10:18'),('n287','Node287',641.9647182852258,290.1914686657539,1,'Temperature','F3-EA-61-C5-E9-CC','6rni5k1q0k9',26,17,2,'2016-04-03 15:10:18','2016-04-03 15:10:18'),('n288','Node288',789.1646950992844,222.47126827879276,1,'Temperature','3C-8C-BD-6B-AE-22','z8s3t9e8kt9',74,46,2,'2016-04-03 15:10:18','2016-04-03 15:10:18'),('n289','Node289',540.6977199071271,332.1202246085363,1,'Light Intensity','56-C6-26-8D-02-DC','dfksuxtuik9',47,75,2,'2016-04-03 15:10:18','2016-04-03 15:10:18'),('n29','Node29',251.14773728393402,193.96726056953028,1,'Light Intensity','DD-61-A3-D8-F9-C6','72t4gm5z5mi',71,72,1,'2016-04-03 15:10:18','2016-04-03 15:10:18'),('n290','Node290',561.3397128863418,100.98243082117688,1,'Light Intensity','99-E6-96-AA-A1-33','eiou13mobt9',95,56,2,'2016-04-03 15:10:18','2016-04-03 15:10:18'),('n291','Node291',705.3908727783952,160.34261047620274,1,'Pressure','99-E6-96-AA-A1-33','9mcz31y8pvi',99,2,2,'2016-04-03 15:10:18','2016-04-03 15:10:18'),('n292','Node292',617.9610606973804,351.5566358472218,1,'Pressure','99-E6-96-AA-A1-33','r79ptrcnmi',66,65,2,'2016-04-03 15:10:18','2016-04-03 15:10:18'),('n293','Node293',125.30555077099964,290.422411446155,1,'Humidity','84-8C-FD-DE-24-AC','j2kqsd78pvi',34,34,2,'2016-04-03 15:10:18','2016-04-03 15:10:18'),('n294','Node294',469.2540139216487,235.09671603620654,1,'Pressure','3C-8C-BD-6B-AE-22','3u6967jh5mi',98,12,2,'2016-04-03 15:10:18','2016-04-03 15:10:18'),('n295','Node295',608.7341948877803,320.0377429127857,1,'Temperature','D7-74-55-47-AB-07','kh7o06n7b9',52,21,2,'2016-04-03 15:10:18','2016-04-03 15:10:18'),('n296','Node296',792.2570410173045,248.98253900586786,1,'Temperature','3C-8C-BD-6B-AE-22','kzs7jt9be29',45,47,2,'2016-04-03 15:10:18','2016-04-03 15:10:18'),('n297','Node297',255.1670639144819,324.57689129643353,1,'Light Intensity','84-8C-FD-DE-24-AC','udiat8lrf6r',97,96,2,'2016-04-03 15:10:18','2016-04-03 15:10:18'),('n298','Node298',741.5892043902372,154.83307384585655,1,'Temperature','99-E6-96-AA-A1-33','tymx2nmte29',42,49,2,'2016-04-03 15:10:18','2016-04-03 15:10:18'),('n299','Node299',537.123992863952,289.2708643851687,1,'Temperature','DD-61-A3-D8-F9-C6','hexdli0be29',39,3,2,'2016-04-03 15:10:18','2016-04-03 15:10:18'),('n3','Node3',399.6471699930118,263.4189218066546,1,'Pressure','3C-8C-BD-6B-AE-22','q6wgnzh0k9',39,98,1,'2016-04-03 15:10:18','2016-04-03 15:10:18'),('n30','Node30',726.4051877594359,269.5787554786451,1,'Humidity','F3-EA-61-C5-E9-CC','35nexc4n29',70,14,1,'2016-04-03 15:10:18','2016-04-03 15:10:18'),('n300','Node300',76.26682855936974,106.40442241924123,1,'Light Intensity','56-C6-26-8D-02-DC','4p7249uow29',92,33,2,'2016-04-03 15:10:18','2016-04-03 15:10:18'),('n301','Node301',NULL,NULL,0,'Temperature','D7-74-55-47-AB-07','4k5vynfjemi',6,77,3,'2016-04-03 15:10:18','2016-04-03 15:10:18'),('n302','Node302',NULL,NULL,0,'Light Intensity','3C-8C-BD-6B-AE-22','ikobtltbj4i',67,18,3,'2016-04-03 15:10:18','2016-04-03 15:10:18'),('n303','Node303',NULL,NULL,0,'Humidity','99-E6-96-AA-A1-33','4qg2cgl23xr',46,6,3,'2016-04-03 15:10:18','2016-04-03 15:10:18'),('n304','Node304',NULL,NULL,0,'Temperature','56-C6-26-8D-02-DC','uyx8wyd5cdi',17,14,3,'2016-04-03 15:10:18','2016-04-03 15:10:18'),('n305','Node305',NULL,NULL,0,'Pressure','D7-74-55-47-AB-07','l48eusaif6r',8,6,3,'2016-04-03 15:10:18','2016-04-03 15:10:18'),('n306','Node306',NULL,NULL,0,'Temperature','DD-61-A3-D8-F9-C6','hz3z3l680k9',34,29,3,'2016-04-03 15:10:18','2016-04-03 15:10:18'),('n307','Node307',NULL,NULL,0,'Humidity','99-E6-96-AA-A1-33','6rf1t76i529',9,75,3,'2016-04-03 15:10:18','2016-04-03 15:10:18'),('n308','Node308',NULL,NULL,0,'Humidity','3C-8C-BD-6B-AE-22','qwdrwuhm2t9',44,47,3,'2016-04-03 15:10:18','2016-04-03 15:10:18'),('n309','Node309',NULL,NULL,0,'Temperature','DD-61-A3-D8-F9-C6','yzn5nmkuik9',59,88,3,'2016-04-03 15:10:18','2016-04-03 15:10:18'),('n31','Node31',140.8124864466419,146.08148394901053,1,'Pressure','99-E6-96-AA-A1-33','3pkmuin3ik9',83,64,1,'2016-04-03 15:10:18','2016-04-03 15:10:18'),('n310','Node310',NULL,NULL,0,'Pressure','DD-61-A3-D8-F9-C6','arjcvhuayvi',60,21,3,'2016-04-03 15:10:18','2016-04-03 15:10:18'),('n311','Node311',NULL,NULL,0,'Humidity','56-C6-26-8D-02-DC','hl3zu3ul3di',85,29,3,'2016-04-03 15:10:18','2016-04-03 15:10:18'),('n312','Node312',NULL,NULL,0,'Humidity','69-81-38-8F-58-AC','j8b5ywdbo6r',33,78,3,'2016-04-03 15:10:18','2016-04-03 15:10:18'),('n313','Node313',NULL,NULL,0,'Temperature','F3-EA-61-C5-E9-CC','ig7hahmpldi',87,39,3,'2016-04-03 15:10:18','2016-04-03 15:10:18'),('n314','Node314',NULL,NULL,0,'Pressure','F3-EA-61-C5-E9-CC','wtgi6647vi',96,51,3,'2016-04-03 15:10:18','2016-04-03 15:10:18'),('n315','Node315',NULL,NULL,0,'Pressure','DD-61-A3-D8-F9-C6','my4v6o2mx6r',74,60,3,'2016-04-03 15:10:18','2016-04-03 15:10:18'),('n316','Node316',NULL,NULL,0,'Light Intensity','3C-8C-BD-6B-AE-22','ki7vviy66r',8,29,3,'2016-04-03 15:10:18','2016-04-03 15:10:18'),('n317','Node317',NULL,NULL,0,'Temperature','99-E6-96-AA-A1-33','m8oos9k9',41,55,3,'2016-04-03 15:10:18','2016-04-03 15:10:18'),('n318','Node318',NULL,NULL,0,'Light Intensity','69-81-38-8F-58-AC','m68h7bq33di',60,44,3,'2016-04-03 15:10:18','2016-04-03 15:10:18'),('n319','Node319',NULL,NULL,0,'Humidity','84-8C-FD-DE-24-AC','c45rjps0pb9',65,66,3,'2016-04-03 15:10:18','2016-04-03 15:10:18'),('n32','Node32',136.16623274983857,120.53931847600742,1,'Pressure','DD-70-C5-9B-D0-41','tsduc2138fr',93,25,1,'2016-04-03 15:10:18','2016-04-03 15:10:18'),('n320','Node320',NULL,NULL,0,'Pressure','DD-70-C5-9B-D0-41','4hebx4j9k9',27,47,3,'2016-04-03 15:10:18','2016-04-03 15:10:18'),('n321','Node321',NULL,NULL,0,'Light Intensity','69-81-38-8F-58-AC','5g7vm9rudi',7,80,3,'2016-04-03 15:10:18','2016-04-03 15:10:18'),('n322','Node322',NULL,NULL,0,'Pressure','DD-70-C5-9B-D0-41','hv7qlsug14i',7,13,3,'2016-04-03 15:10:18','2016-04-03 15:10:18'),('n323','Node323',NULL,NULL,0,'Temperature','99-E6-96-AA-A1-33','csjz7fa8aor',71,10,3,'2016-04-03 15:10:18','2016-04-03 15:10:18'),('n324','Node324',NULL,NULL,0,'Temperature','DD-61-A3-D8-F9-C6','ocp6anyiudi',72,22,3,'2016-04-03 15:10:18','2016-04-03 15:10:18'),('n325','Node325',NULL,NULL,0,'Pressure','D7-74-55-47-AB-07','rzvgu6av2t9',99,21,3,'2016-04-03 15:10:18','2016-04-03 15:10:18'),('n326','Node326',NULL,NULL,0,'Temperature','56-C6-26-8D-02-DC','zwdiauu9pb9',24,16,3,'2016-04-03 15:10:18','2016-04-03 15:10:18'),('n327','Node327',NULL,NULL,0,'Light Intensity','69-81-38-8F-58-AC','o9squth85mi',95,27,3,'2016-04-03 15:10:18','2016-04-03 15:10:18'),('n328','Node328',NULL,NULL,0,'Humidity','3C-8C-BD-6B-AE-22','v1x5ao9wwmi',70,46,3,'2016-04-03 15:10:18','2016-04-03 15:10:18'),('n329','Node329',NULL,NULL,0,'Pressure','D7-74-55-47-AB-07','t3cjqlx47vi',93,35,3,'2016-04-03 15:10:18','2016-04-03 15:10:18'),('n33','Node33',425.47437527302856,214.51257038724407,1,'Pressure','DD-70-C5-9B-D0-41','ydm521vpldi',57,17,1,'2016-04-03 15:10:18','2016-04-03 15:10:18'),('n330','Node330',NULL,NULL,0,'Temperature','DD-61-A3-D8-F9-C6','35z908jjor',24,68,3,'2016-04-03 15:10:18','2016-04-03 15:10:18'),('n331','Node331',NULL,NULL,0,'Pressure','84-8C-FD-DE-24-AC','t2nj4fv42t9',58,94,3,'2016-04-03 15:10:18','2016-04-03 15:10:18'),('n332','Node332',NULL,NULL,0,'Pressure','56-C6-26-8D-02-DC','nzv2bzhyqfr',69,4,3,'2016-04-03 15:10:18','2016-04-03 15:10:18'),('n333','Node333',NULL,NULL,0,'Temperature','DD-70-C5-9B-D0-41','k3rj5b6s9k9',26,76,3,'2016-04-03 15:10:18','2016-04-03 15:10:18'),('n334','Node334',NULL,NULL,0,'Temperature','DD-70-C5-9B-D0-41','6fen1xlxr',90,75,3,'2016-04-03 15:10:18','2016-04-03 15:10:18'),('n335','Node335',NULL,NULL,0,'Light Intensity','F3-EA-61-C5-E9-CC','d52ricnmi',63,93,3,'2016-04-03 15:10:18','2016-04-03 15:10:18'),('n336','Node336',NULL,NULL,0,'Pressure','DD-61-A3-D8-F9-C6','ieieet2csor',62,92,3,'2016-04-03 15:10:18','2016-04-03 15:10:18'),('n337','Node337',NULL,NULL,0,'Pressure','DD-61-A3-D8-F9-C6','d6xg7tu766r',77,72,3,'2016-04-03 15:10:18','2016-04-03 15:10:18'),('n338','Node338',NULL,NULL,0,'Pressure','3C-8C-BD-6B-AE-22','mswjxt21emi',37,61,3,'2016-04-03 15:10:18','2016-04-03 15:10:18'),('n339','Node339',NULL,NULL,0,'Pressure','D7-74-55-47-AB-07','zufgno2yb9',85,38,3,'2016-04-03 15:10:18','2016-04-03 15:10:18'),('n34','Node34',406.77233879401894,193.00512748758393,1,'Humidity','84-8C-FD-DE-24-AC','zyp2hssv2t9',60,62,1,'2016-04-03 15:10:18','2016-04-03 15:10:18'),('n340','Node340',NULL,NULL,0,'Light Intensity','84-8C-FD-DE-24-AC','hkuzvcp7gb9',20,81,3,'2016-04-03 15:10:18','2016-04-03 15:10:18'),('n341','Node341',NULL,NULL,0,'Humidity','DD-70-C5-9B-D0-41','cn7fdyujtt9',98,11,3,'2016-04-03 15:10:18','2016-04-03 15:10:18'),('n342','Node342',NULL,NULL,0,'Temperature','84-8C-FD-DE-24-AC','hjp2yvw8kt9',38,81,3,'2016-04-03 15:10:18','2016-04-03 15:10:18'),('n343','Node343',NULL,NULL,0,'Pressure','3C-8C-BD-6B-AE-22','ji3vhnwb3xr',17,50,3,'2016-04-03 15:10:18','2016-04-03 15:10:18'),('n344','Node344',NULL,NULL,0,'Humidity','99-E6-96-AA-A1-33','kouxzd50zfr',52,55,3,'2016-04-03 15:10:18','2016-04-03 15:10:18'),('n345','Node345',NULL,NULL,0,'Light Intensity','84-8C-FD-DE-24-AC','d69614te29',79,97,3,'2016-04-03 15:10:18','2016-04-03 15:10:18'),('n346','Node346',NULL,NULL,0,'Humidity','99-E6-96-AA-A1-33','enms20ara4i',43,77,3,'2016-04-03 15:10:18','2016-04-03 15:10:18'),('n347','Node347',NULL,NULL,0,'Temperature','3C-8C-BD-6B-AE-22','j6s6xqrggb9',59,74,3,'2016-04-03 15:10:18','2016-04-03 15:10:18'),('n348','Node348',NULL,NULL,0,'Temperature','69-81-38-8F-58-AC','b7fgwkfyldi',11,36,3,'2016-04-03 15:10:18','2016-04-03 15:10:18'),('n349','Node349',NULL,NULL,0,'Light Intensity','F3-EA-61-C5-E9-CC','hhvwblqh0k9',27,86,3,'2016-04-03 15:10:18','2016-04-03 15:10:18'),('n35','Node35',315.08998127231075,274.5819429629423,1,'Temperature','DD-61-A3-D8-F9-C6','nrcxwimgqfr',1,37,1,'2016-04-03 15:10:18','2016-04-03 15:10:18'),('n350','Node350',NULL,NULL,0,'Temperature','3C-8C-BD-6B-AE-22','fpz8i9evcxr',67,65,3,'2016-04-03 15:10:18','2016-04-03 15:10:18'),('n351','Node351',NULL,NULL,0,'Light Intensity','84-8C-FD-DE-24-AC','spkce3cv7vi',63,74,3,'2016-04-03 15:10:18','2016-04-03 15:10:18'),('n352','Node352',NULL,NULL,0,'Pressure','DD-70-C5-9B-D0-41','vo58zen4s4i',71,90,3,'2016-04-03 15:10:18','2016-04-03 15:10:18'),('n353','Node353',NULL,NULL,0,'Temperature','99-E6-96-AA-A1-33','lkqe683erk9',89,94,3,'2016-04-03 15:10:18','2016-04-03 15:10:18'),('n354','Node354',NULL,NULL,0,'Humidity','56-C6-26-8D-02-DC','quu797o80k9',90,99,3,'2016-04-03 15:10:18','2016-04-03 15:10:18'),('n355','Node355',NULL,NULL,0,'Humidity','DD-61-A3-D8-F9-C6','5n91hxe0zfr',27,64,3,'2016-04-03 15:10:18','2016-04-03 15:10:18'),('n356','Node356',NULL,NULL,0,'Temperature','3C-8C-BD-6B-AE-22','9q0u1eb3xr',67,76,3,'2016-04-03 15:10:18','2016-04-03 15:10:18'),('n357','Node357',NULL,NULL,0,'Temperature','DD-70-C5-9B-D0-41','596647vi',6,99,3,'2016-04-03 15:10:18','2016-04-03 15:10:18'),('n358','Node358',NULL,NULL,0,'Pressure','56-C6-26-8D-02-DC','pgdeac680k9',46,14,3,'2016-04-03 15:10:18','2016-04-03 15:10:18'),('n359','Node359',NULL,NULL,0,'Humidity','3C-8C-BD-6B-AE-22','hoopgncow29',8,52,3,'2016-04-03 15:10:18','2016-04-03 15:10:18'),('n36','Node36',517.2440833213604,68.87408492988877,1,'Temperature','99-E6-96-AA-A1-33','3pr5412lnmi',44,25,1,'2016-04-03 15:10:18','2016-04-03 15:10:18'),('n360','Node360',NULL,NULL,0,'Light Intensity','F3-EA-61-C5-E9-CC','ogyvqjjor',81,20,3,'2016-04-03 15:10:18','2016-04-03 15:10:18'),('n361','Node361',NULL,NULL,0,'Pressure','56-C6-26-8D-02-DC','56tz3jqyqfr',2,26,3,'2016-04-03 15:10:18','2016-04-03 15:10:18'),('n362','Node362',NULL,NULL,0,'Light Intensity','DD-61-A3-D8-F9-C6','vjbmc0afw29',98,55,3,'2016-04-03 15:10:18','2016-04-03 15:10:18'),('n363','Node363',NULL,NULL,0,'Light Intensity','DD-70-C5-9B-D0-41','5cpivz5xw29',76,78,3,'2016-04-03 15:10:18','2016-04-03 15:10:18'),('n364','Node364',NULL,NULL,0,'Humidity','84-8C-FD-DE-24-AC','r1g1b9h33di',2,15,3,'2016-04-03 15:10:18','2016-04-03 15:10:18'),('n365','Node365',NULL,NULL,0,'Humidity','69-81-38-8F-58-AC','pcgsz8bbj4i',10,6,3,'2016-04-03 15:10:18','2016-04-03 15:10:18'),('n366','Node366',NULL,NULL,0,'Pressure','D7-74-55-47-AB-07','8u5u9lr3sor',94,71,3,'2016-04-03 15:10:18','2016-04-03 15:10:18'),('n367','Node367',NULL,NULL,0,'Temperature','99-E6-96-AA-A1-33','v12c1munmi',0,39,3,'2016-04-03 15:10:18','2016-04-03 15:10:18'),('n368','Node368',NULL,NULL,0,'Light Intensity','84-8C-FD-DE-24-AC','2ivwunb3xr',28,71,3,'2016-04-03 15:10:18','2016-04-03 15:10:18'),('n369','Node369',NULL,NULL,0,'Humidity','F3-EA-61-C5-E9-CC','nt3n8z1tt9',69,73,3,'2016-04-03 15:10:18','2016-04-03 15:10:18'),('n37','Node37',402.74869964210734,138.31223519539782,1,'Light Intensity','99-E6-96-AA-A1-33','deqsuac3di',75,49,1,'2016-04-03 15:10:18','2016-04-03 15:10:18'),('n370','Node370',NULL,NULL,0,'Pressure','D7-74-55-47-AB-07','er2lhe8w7b9',5,52,3,'2016-04-03 15:10:18','2016-04-03 15:10:18'),('n371','Node371',NULL,NULL,0,'Humidity','99-E6-96-AA-A1-33','2uym3nv1jor',78,21,3,'2016-04-03 15:10:18','2016-04-03 15:10:18'),('n372','Node372',NULL,NULL,0,'Pressure','DD-61-A3-D8-F9-C6','bf05krcnmi',35,57,3,'2016-04-03 15:10:18','2016-04-03 15:10:18'),('n373','Node373',NULL,NULL,0,'Humidity','DD-61-A3-D8-F9-C6','r7pm2lf2yb9',9,82,3,'2016-04-03 15:10:18','2016-04-03 15:10:18'),('n374','Node374',NULL,NULL,0,'Temperature','3C-8C-BD-6B-AE-22','i9uadvg3nmi',47,66,3,'2016-04-03 15:10:18','2016-04-03 15:10:18'),('n375','Node375',NULL,NULL,0,'Temperature','DD-61-A3-D8-F9-C6','uekxkwqaor',28,47,3,'2016-04-03 15:10:18','2016-04-03 15:10:18'),('n376','Node376',NULL,NULL,0,'Light Intensity','69-81-38-8F-58-AC','4ncump1fw29',40,54,3,'2016-04-03 15:10:18','2016-04-03 15:10:18'),('n377','Node377',NULL,NULL,0,'Pressure','DD-61-A3-D8-F9-C6','epquce4s4i',42,14,3,'2016-04-03 15:10:18','2016-04-03 15:10:18'),('n378','Node378',NULL,NULL,0,'Temperature','69-81-38-8F-58-AC','mqvayqilik9',45,17,3,'2016-04-03 15:10:18','2016-04-03 15:10:18'),('n379','Node379',NULL,NULL,0,'Humidity','84-8C-FD-DE-24-AC','4px9kzc9pb9',89,46,3,'2016-04-03 15:10:18','2016-04-03 15:10:18'),('n38','Node38',148.02753381477402,178.3675882381036,1,'Light Intensity','56-C6-26-8D-02-DC','5gzabxogvi',61,52,1,'2016-04-03 15:10:18','2016-04-03 15:10:18'),('n380','Node380',NULL,NULL,0,'Pressure','3C-8C-BD-6B-AE-22','mkh9mhg2e29',1,44,3,'2016-04-03 15:10:18','2016-04-03 15:10:18'),('n381','Node381',NULL,NULL,0,'Pressure','3C-8C-BD-6B-AE-22','iwa6dzk6gvi',60,90,3,'2016-04-03 15:10:18','2016-04-03 15:10:18'),('n382','Node382',NULL,NULL,0,'Temperature','56-C6-26-8D-02-DC','rtsr5obhuxr',30,75,3,'2016-04-03 15:10:18','2016-04-03 15:10:18'),('n383','Node383',NULL,NULL,0,'Temperature','DD-61-A3-D8-F9-C6','xo7ab6mkj4i',34,77,3,'2016-04-03 15:10:18','2016-04-03 15:10:18'),('n384','Node384',NULL,NULL,0,'Temperature','DD-70-C5-9B-D0-41','sx10wfjemi',75,7,3,'2016-04-03 15:10:18','2016-04-03 15:10:18'),('n385','Node385',NULL,NULL,0,'Humidity','99-E6-96-AA-A1-33','u9qfp1iqkt9',2,19,3,'2016-04-03 15:10:18','2016-04-03 15:10:18'),('n386','Node386',NULL,NULL,0,'Light Intensity','56-C6-26-8D-02-DC','c24vsdr6bt9',15,46,3,'2016-04-03 15:10:18','2016-04-03 15:10:18'),('n387','Node387',NULL,NULL,0,'Temperature','84-8C-FD-DE-24-AC','xteipo2bj4i',67,53,3,'2016-04-03 15:10:18','2016-04-03 15:10:18'),('n388','Node388',NULL,NULL,0,'Pressure','D7-74-55-47-AB-07','xk1nu2nvcxr',43,94,3,'2016-04-03 15:10:18','2016-04-03 15:10:18'),('n389','Node389',NULL,NULL,0,'Pressure','99-E6-96-AA-A1-33','2cj3k6mkj4i',96,30,3,'2016-04-03 15:10:18','2016-04-03 15:10:18'),('n39','Node39',744.9673294759405,86.93502049059808,1,'Light Intensity','DD-61-A3-D8-F9-C6','qri16cx47vi',79,88,1,'2016-04-03 15:10:18','2016-04-03 15:10:18'),('n390','Node390',NULL,NULL,0,'Humidity','DD-70-C5-9B-D0-41','h67auelv7vi',80,59,3,'2016-04-03 15:10:18','2016-04-03 15:10:18'),('n391','Node391',NULL,NULL,0,'Light Intensity','F3-EA-61-C5-E9-CC','li4xkt65hfr',56,31,3,'2016-04-03 15:10:18','2016-04-03 15:10:18'),('n392','Node392',NULL,NULL,0,'Light Intensity','84-8C-FD-DE-24-AC','wbkv8jpds4i',8,62,3,'2016-04-03 15:10:18','2016-04-03 15:10:18'),('n393','Node393',NULL,NULL,0,'Pressure','99-E6-96-AA-A1-33','qjmm2h5b3xr',24,94,3,'2016-04-03 15:10:18','2016-04-03 15:10:18'),('n394','Node394',NULL,NULL,0,'Pressure','F3-EA-61-C5-E9-CC','j196gfu5wmi',89,10,3,'2016-04-03 15:10:18','2016-04-03 15:10:18'),('n395','Node395',NULL,NULL,0,'Humidity','56-C6-26-8D-02-DC','7zgpe72pgb9',78,4,3,'2016-04-03 15:10:18','2016-04-03 15:10:18'),('n396','Node396',NULL,NULL,0,'Pressure','84-8C-FD-DE-24-AC','bjk2mrhpvi',67,48,3,'2016-04-03 15:10:18','2016-04-03 15:10:18'),('n397','Node397',NULL,NULL,0,'Light Intensity','84-8C-FD-DE-24-AC','cvuutzqia4i',39,10,3,'2016-04-03 15:10:18','2016-04-03 15:10:18'),('n398','Node398',NULL,NULL,0,'Pressure','DD-70-C5-9B-D0-41','ss5ndohia4i',85,63,3,'2016-04-03 15:10:18','2016-04-03 15:10:18'),('n399','Node399',NULL,NULL,0,'Light Intensity','DD-61-A3-D8-F9-C6','24anx9zr529',90,5,3,'2016-04-03 15:10:18','2016-04-03 15:10:18'),('n4','Node4',756.7916118139392,346.96935588547086,1,'Temperature','D7-74-55-47-AB-07','bq920m5cdi',3,93,1,'2016-04-03 15:10:18','2016-04-03 15:10:18'),('n40','Node40',525.4693641636793,300.7981723051176,1,'Temperature','DD-61-A3-D8-F9-C6','o8ghp30udi',61,4,1,'2016-04-03 15:10:18','2016-04-03 15:10:18'),('n400','Node400',NULL,NULL,0,'Temperature','84-8C-FD-DE-24-AC','9e3o7ogk3xr',81,57,3,'2016-04-03 15:10:18','2016-04-03 15:10:18'),('n401','Node401',NULL,NULL,0,'Temperature','DD-70-C5-9B-D0-41','h37wvu0udi',7,31,3,'2016-04-03 15:10:18','2016-04-03 15:10:18'),('n402','Node402',NULL,NULL,0,'Pressure','56-C6-26-8D-02-DC','kkl2xnr8uxr',11,77,3,'2016-04-03 15:10:18','2016-04-03 15:10:18'),('n403','Node403',NULL,NULL,0,'Pressure','F3-EA-61-C5-E9-CC','iu6sxetgldi',27,77,3,'2016-04-03 15:10:18','2016-04-03 15:10:18'),('n404','Node404',NULL,NULL,0,'Pressure','D7-74-55-47-AB-07','l34s1nhfr',0,25,3,'2016-04-03 15:10:18','2016-04-03 15:10:18'),('n405','Node405',NULL,NULL,0,'Temperature','56-C6-26-8D-02-DC','pvpqppsyvi',49,51,3,'2016-04-03 15:10:18','2016-04-03 15:10:18'),('n406','Node406',NULL,NULL,0,'Humidity','F3-EA-61-C5-E9-CC','dk287p919k9',42,27,3,'2016-04-03 15:10:18','2016-04-03 15:10:18'),('n407','Node407',NULL,NULL,0,'Light Intensity','DD-61-A3-D8-F9-C6','1kubhk9be29',95,17,3,'2016-04-03 15:10:18','2016-04-03 15:10:18'),('n408','Node408',NULL,NULL,0,'Light Intensity','69-81-38-8F-58-AC','bc3qjbutyb9',72,88,3,'2016-04-03 15:10:18','2016-04-03 15:10:18'),('n409','Node409',NULL,NULL,0,'Humidity','69-81-38-8F-58-AC','42uonp3z0k9',65,44,3,'2016-04-03 15:10:18','2016-04-03 15:10:18'),('n41','Node41',149.73141572591084,232.0785709202283,1,'Light Intensity','D7-74-55-47-AB-07','1tep7j5rk9',44,73,1,'2016-04-03 15:10:18','2016-04-03 15:10:18'),('n410','Node410',NULL,NULL,0,'Light Intensity','99-E6-96-AA-A1-33','zyp43gqr529',59,41,3,'2016-04-03 15:10:18','2016-04-03 15:10:18'),('n411','Node411',NULL,NULL,0,'Temperature','D7-74-55-47-AB-07','vi0fm8fflxr',69,38,3,'2016-04-03 15:10:18','2016-04-03 15:10:18'),('n412','Node412',NULL,NULL,0,'Temperature','DD-70-C5-9B-D0-41','f95dwo8ncdi',43,34,3,'2016-04-03 15:10:18','2016-04-03 15:10:18'),('n413','Node413',NULL,NULL,0,'Light Intensity','D7-74-55-47-AB-07','2ft7yg2pgb9',77,40,3,'2016-04-03 15:10:18','2016-04-03 15:10:18'),('n414','Node414',NULL,NULL,0,'Humidity','DD-70-C5-9B-D0-41','45hzbsm7vi',49,69,3,'2016-04-03 15:10:18','2016-04-03 15:10:18'),('n415','Node415',NULL,NULL,0,'Temperature','99-E6-96-AA-A1-33','k5d12ygy14i',90,88,3,'2016-04-03 15:10:18','2016-04-03 15:10:18'),('n416','Node416',NULL,NULL,0,'Pressure','3C-8C-BD-6B-AE-22','qu4ltedn29',20,13,3,'2016-04-03 15:10:18','2016-04-03 15:10:18'),('n417','Node417',NULL,NULL,0,'Humidity','F3-EA-61-C5-E9-CC','9sperd4pldi',91,95,3,'2016-04-03 15:10:18','2016-04-03 15:10:18'),('n418','Node418',NULL,NULL,0,'Humidity','3C-8C-BD-6B-AE-22','gd42bmon7b9',49,36,3,'2016-04-03 15:10:18','2016-04-03 15:10:18'),('n419','Node419',NULL,NULL,0,'Pressure','56-C6-26-8D-02-DC','2u2d6xbt9',33,70,3,'2016-04-03 15:10:18','2016-04-03 15:10:18'),('n42','Node42',224.99373491672108,314.61262752830174,1,'Pressure','56-C6-26-8D-02-DC','a1vjrjdobt9',89,29,1,'2016-04-03 15:10:18','2016-04-03 15:10:18'),('n420','Node420',NULL,NULL,0,'Pressure','D7-74-55-47-AB-07','o0uaka3v7vi',8,97,3,'2016-04-03 15:10:18','2016-04-03 15:10:18'),('n421','Node421',NULL,NULL,0,'Humidity','DD-61-A3-D8-F9-C6','z8lpybsxlxr',51,83,3,'2016-04-03 15:10:18','2016-04-03 15:10:18'),('n422','Node422',NULL,NULL,0,'Pressure','DD-61-A3-D8-F9-C6','lf2ni0e8kt9',24,46,3,'2016-04-03 15:10:18','2016-04-03 15:10:18'),('n423','Node423',NULL,NULL,0,'Light Intensity','DD-61-A3-D8-F9-C6','j2bmtg74x6r',13,68,3,'2016-04-03 15:10:18','2016-04-03 15:10:18'),('n424','Node424',NULL,NULL,0,'Light Intensity','D7-74-55-47-AB-07','8g7nvk21emi',78,86,3,'2016-04-03 15:10:18','2016-04-03 15:10:18'),('n425','Node425',NULL,NULL,0,'Pressure','F3-EA-61-C5-E9-CC','36kc9grpb9',33,55,3,'2016-04-03 15:10:18','2016-04-03 15:10:18'),('n426','Node426',NULL,NULL,0,'Light Intensity','F3-EA-61-C5-E9-CC','gqoik0ggb9',65,17,3,'2016-04-03 15:10:18','2016-04-03 15:10:18'),('n427','Node427',NULL,NULL,0,'Humidity','3C-8C-BD-6B-AE-22','3zvwblqh0k9',6,53,3,'2016-04-03 15:10:18','2016-04-03 15:10:18'),('n428','Node428',NULL,NULL,0,'Humidity','F3-EA-61-C5-E9-CC','aiam5x0qkt9',65,65,3,'2016-04-03 15:10:18','2016-04-03 15:10:18'),('n429','Node429',NULL,NULL,0,'Light Intensity','84-8C-FD-DE-24-AC','n8v2v7h9f6r',70,11,3,'2016-04-03 15:10:18','2016-04-03 15:10:18'),('n43','Node43',180.8902256488126,343.4672460795645,1,'Light Intensity','DD-70-C5-9B-D0-41','3olw8jdzpvi',49,70,1,'2016-04-03 15:10:18','2016-04-03 15:10:18'),('n430','Node430',NULL,NULL,0,'Light Intensity','DD-70-C5-9B-D0-41','loabd7mygb9',39,96,3,'2016-04-03 15:10:18','2016-04-03 15:10:18'),('n431','Node431',NULL,NULL,0,'Pressure','3C-8C-BD-6B-AE-22','lm8pz8jv2t9',86,96,3,'2016-04-03 15:10:18','2016-04-03 15:10:18'),('n432','Node432',NULL,NULL,0,'Pressure','D7-74-55-47-AB-07','d6kdoq1tt9',99,65,3,'2016-04-03 15:10:18','2016-04-03 15:10:18'),('n433','Node433',NULL,NULL,0,'Temperature','D7-74-55-47-AB-07','j5869gj5rk9',80,69,3,'2016-04-03 15:10:18','2016-04-03 15:10:18'),('n434','Node434',NULL,NULL,0,'Pressure','F3-EA-61-C5-E9-CC','dek7rv0a4i',41,97,3,'2016-04-03 15:10:18','2016-04-03 15:10:18'),('n435','Node435',NULL,NULL,0,'Temperature','F3-EA-61-C5-E9-CC','kutoaud6lxr',87,3,3,'2016-04-03 15:10:18','2016-04-03 15:10:18'),('n436','Node436',NULL,NULL,0,'Temperature','69-81-38-8F-58-AC','xqfd5u680k9',82,93,3,'2016-04-03 15:10:18','2016-04-03 15:10:18'),('n437','Node437',NULL,NULL,0,'Temperature','DD-70-C5-9B-D0-41','g8ba3v7vi',55,5,3,'2016-04-03 15:10:18','2016-04-03 15:10:18'),('n438','Node438',NULL,NULL,0,'Light Intensity','84-8C-FD-DE-24-AC','3novanvobt9',54,62,3,'2016-04-03 15:10:18','2016-04-03 15:10:18'),('n439','Node439',NULL,NULL,0,'Temperature','F3-EA-61-C5-E9-CC','wf805u0izfr',93,83,3,'2016-04-03 15:10:18','2016-04-03 15:10:18'),('n44','Node44',330.9671652959595,154.4347719586004,1,'Pressure','56-C6-26-8D-02-DC','fu668hncdi',23,44,1,'2016-04-03 15:10:18','2016-04-03 15:10:18'),('n440','Node440',NULL,NULL,0,'Humidity','84-8C-FD-DE-24-AC','yuoxmb9y66r',33,18,3,'2016-04-03 15:10:18','2016-04-03 15:10:18'),('n441','Node441',NULL,NULL,0,'Light Intensity','F3-EA-61-C5-E9-CC','jy6zeka9k9',70,38,3,'2016-04-03 15:10:18','2016-04-03 15:10:18'),('n442','Node442',NULL,NULL,0,'Temperature','F3-EA-61-C5-E9-CC','9cvufm6ajor',55,84,3,'2016-04-03 15:10:18','2016-04-03 15:10:18'),('n443','Node443',NULL,NULL,0,'Light Intensity','F3-EA-61-C5-E9-CC','nnuh625u3di',47,42,3,'2016-04-03 15:10:18','2016-04-03 15:10:18'),('n444','Node444',NULL,NULL,0,'Pressure','DD-70-C5-9B-D0-41','0ku79e2vs4i',96,37,3,'2016-04-03 15:10:18','2016-04-03 15:10:18'),('n445','Node445',NULL,NULL,0,'Pressure','99-E6-96-AA-A1-33','14wgzjxxbt9',98,57,3,'2016-04-03 15:10:18','2016-04-03 15:10:18'),('n446','Node446',NULL,NULL,0,'Humidity','99-E6-96-AA-A1-33','ewsr1xrms4i',64,74,3,'2016-04-03 15:10:18','2016-04-03 15:10:18'),('n447','Node447',NULL,NULL,0,'Humidity','3C-8C-BD-6B-AE-22','je3v8rjatt9',12,81,3,'2016-04-03 15:10:18','2016-04-03 15:10:18'),('n448','Node448',NULL,NULL,0,'Temperature','F3-EA-61-C5-E9-CC','s0hnc73c8fr',57,18,3,'2016-04-03 15:10:18','2016-04-03 15:10:18'),('n449','Node449',NULL,NULL,0,'Humidity','F3-EA-61-C5-E9-CC','gkk80ejyvi',85,31,3,'2016-04-03 15:10:18','2016-04-03 15:10:18'),('n45','Node45',647.6830883909023,216.07640124780355,1,'Temperature','3C-8C-BD-6B-AE-22','9hc7qtzkt9',79,55,1,'2016-04-03 15:10:18','2016-04-03 15:10:18'),('n450','Node450',NULL,NULL,0,'Humidity','F3-EA-61-C5-E9-CC','dqqyse89f6r',89,28,3,'2016-04-03 15:10:18','2016-04-03 15:10:18'),('n451','Node451',NULL,NULL,0,'Pressure','56-C6-26-8D-02-DC','0xojmt8d7vi',0,69,4,'2016-04-03 15:10:18','2016-04-03 15:10:18'),('n452','Node452',NULL,NULL,0,'Humidity','F3-EA-61-C5-E9-CC','7o2njm26gvi',90,98,4,'2016-04-03 15:10:18','2016-04-03 15:10:18'),('n453','Node453',NULL,NULL,0,'Temperature','F3-EA-61-C5-E9-CC','us0p81o47vi',78,8,4,'2016-04-03 15:10:18','2016-04-03 15:10:18'),('n454','Node454',NULL,NULL,0,'Light Intensity','56-C6-26-8D-02-DC','i6sdx869a4i',52,68,4,'2016-04-03 15:10:18','2016-04-03 15:10:18'),('n455','Node455',NULL,NULL,0,'Humidity','DD-70-C5-9B-D0-41','y5f6oiara4i',30,51,4,'2016-04-03 15:10:18','2016-04-03 15:10:18'),('n456','Node456',NULL,NULL,0,'Humidity','3C-8C-BD-6B-AE-22','06pr0kn8kt9',39,60,4,'2016-04-03 15:10:18','2016-04-03 15:10:18'),('n457','Node457',NULL,NULL,0,'Humidity','99-E6-96-AA-A1-33','w8i6qrggb9',81,56,4,'2016-04-03 15:10:18','2016-04-03 15:10:18'),('n458','Node458',NULL,NULL,0,'Light Intensity','56-C6-26-8D-02-DC','rydlg88semi',6,17,4,'2016-04-03 15:10:18','2016-04-03 15:10:18'),('n459','Node459',NULL,NULL,0,'Humidity','DD-70-C5-9B-D0-41','3yp1s65stt9',45,32,4,'2016-04-03 15:10:18','2016-04-03 15:10:18'),('n46','Node46',178.23322339290078,83.46082281065063,1,'Light Intensity','56-C6-26-8D-02-DC','4zlcwzy3nmi',3,36,1,'2016-04-03 15:10:18','2016-04-03 15:10:18'),('n460','Node460',NULL,NULL,0,'Pressure','99-E6-96-AA-A1-33','n8q92ju4n29',50,37,4,'2016-04-03 15:10:18','2016-04-03 15:10:18'),('n461','Node461',NULL,NULL,0,'Temperature','69-81-38-8F-58-AC','0gelzb8olxr',82,82,4,'2016-04-03 15:10:18','2016-04-03 15:10:18'),('n462','Node462',NULL,NULL,0,'Temperature','DD-70-C5-9B-D0-41','8jalkwyu8fr',77,46,4,'2016-04-03 15:10:18','2016-04-03 15:10:18'),('n463','Node463',NULL,NULL,0,'Pressure','DD-70-C5-9B-D0-41','ayzprrg4x6r',76,43,4,'2016-04-03 15:10:18','2016-04-03 15:10:18'),('n464','Node464',NULL,NULL,0,'Pressure','F3-EA-61-C5-E9-CC','66xr2o3whfr',40,54,4,'2016-04-03 15:10:18','2016-04-03 15:10:18'),('n465','Node465',NULL,NULL,0,'Light Intensity','99-E6-96-AA-A1-33','xh60ts54s4i',9,26,4,'2016-04-03 15:10:18','2016-04-03 15:10:18'),('n466','Node466',NULL,NULL,0,'Temperature','D7-74-55-47-AB-07','bv8rbai3sor',24,58,4,'2016-04-03 15:10:18','2016-04-03 15:10:18'),('n467','Node467',NULL,NULL,0,'Light Intensity','D7-74-55-47-AB-07','cpoq7p919k9',30,82,4,'2016-04-03 15:10:18','2016-04-03 15:10:18'),('n468','Node468',NULL,NULL,0,'Temperature','69-81-38-8F-58-AC','prkcncj714i',41,23,4,'2016-04-03 15:10:18','2016-04-03 15:10:18'),('n469','Node469',NULL,NULL,0,'Humidity','DD-61-A3-D8-F9-C6','pahihf72e29',98,19,4,'2016-04-03 15:10:18','2016-04-03 15:10:18'),('n47','Node47',601.7505694633296,358.4594070553798,1,'Temperature','3C-8C-BD-6B-AE-22','fb43z93sor',84,70,1,'2016-04-03 15:10:18','2016-04-03 15:10:18'),('n470','Node470',NULL,NULL,0,'Light Intensity','99-E6-96-AA-A1-33','zgibwr0be29',84,97,4,'2016-04-03 15:10:18','2016-04-03 15:10:18'),('n471','Node471',NULL,NULL,0,'Temperature','DD-61-A3-D8-F9-C6','sfv87s3jtt9',40,60,4,'2016-04-03 15:10:18','2016-04-03 15:10:18'),('n472','Node472',NULL,NULL,0,'Light Intensity','DD-61-A3-D8-F9-C6','5yu6fo2mx6r',95,28,4,'2016-04-03 15:10:18','2016-04-03 15:10:18'),('n473','Node473',NULL,NULL,0,'Light Intensity','F3-EA-61-C5-E9-CC','t93gxvfgvi',95,33,4,'2016-04-03 15:10:18','2016-04-03 15:10:18'),('n474','Node474',NULL,NULL,0,'Pressure','3C-8C-BD-6B-AE-22','kdfq32nvcxr',99,81,4,'2016-04-03 15:10:18','2016-04-03 15:10:18'),('n475','Node475',NULL,NULL,0,'Light Intensity','3C-8C-BD-6B-AE-22','i88afhto6r',29,71,4,'2016-04-03 15:10:18','2016-04-03 15:10:18'),('n476','Node476',NULL,NULL,0,'Light Intensity','D7-74-55-47-AB-07','f9i3mghw7b9',40,11,4,'2016-04-03 15:10:18','2016-04-03 15:10:18'),('n477','Node477',NULL,NULL,0,'Humidity','D7-74-55-47-AB-07','01tdgcwstt9',9,50,4,'2016-04-03 15:10:18','2016-04-03 15:10:18'),('n478','Node478',NULL,NULL,0,'Light Intensity','69-81-38-8F-58-AC','cl62t5fusor',1,73,4,'2016-04-03 15:10:18','2016-04-03 15:10:18'),('n479','Node479',NULL,NULL,0,'Temperature','F3-EA-61-C5-E9-CC','29rtxhcl3di',88,1,4,'2016-04-03 15:10:18','2016-04-03 15:10:18'),('n48','Node48',653.5632184837225,336.785452698627,1,'Pressure','DD-70-C5-9B-D0-41','8ksg611yvi',56,99,1,'2016-04-03 15:10:18','2016-04-03 15:10:18'),('n480','Node480',NULL,NULL,0,'Temperature','3C-8C-BD-6B-AE-22','frg495rvn29',18,91,4,'2016-04-03 15:10:18','2016-04-03 15:10:18'),('n481','Node481',NULL,NULL,0,'Light Intensity','3C-8C-BD-6B-AE-22','b19xwr60f6r',55,47,4,'2016-04-03 15:10:18','2016-04-03 15:10:18'),('n482','Node482',NULL,NULL,0,'Humidity','84-8C-FD-DE-24-AC','sencfmvx6r',83,38,4,'2016-04-03 15:10:18','2016-04-03 15:10:18'),('n483','Node483',NULL,NULL,0,'Humidity','56-C6-26-8D-02-DC','0qukg25ipb9',98,76,4,'2016-04-03 15:10:18','2016-04-03 15:10:18'),('n484','Node484',NULL,NULL,0,'Humidity','D7-74-55-47-AB-07','et8s9aa714i',95,47,4,'2016-04-03 15:10:18','2016-04-03 15:10:18'),('n485','Node485',NULL,NULL,0,'Light Intensity','D7-74-55-47-AB-07','butrwl8fr',63,20,4,'2016-04-03 15:10:18','2016-04-03 15:10:18'),('n486','Node486',NULL,NULL,0,'Light Intensity','56-C6-26-8D-02-DC','u8ayt0ara4i',50,23,4,'2016-04-03 15:10:18','2016-04-03 15:10:18'),('n487','Node487',NULL,NULL,0,'Light Intensity','56-C6-26-8D-02-DC','859jvh1tt9',87,77,4,'2016-04-03 15:10:18','2016-04-03 15:10:18'),('n488','Node488',NULL,NULL,0,'Light Intensity','56-C6-26-8D-02-DC','11ebv620529',56,5,4,'2016-04-03 15:10:18','2016-04-03 15:10:18'),('n489','Node489',NULL,NULL,0,'Light Intensity','56-C6-26-8D-02-DC','tc6ruyuv7vi',37,80,4,'2016-04-03 15:10:18','2016-04-03 15:10:18'),('n49','Node49',338.53954459181034,130.11400818070646,1,'Pressure','56-C6-26-8D-02-DC','2eatqxpf1or',42,33,1,'2016-04-03 15:10:18','2016-04-03 15:10:18'),('n490','Node490',NULL,NULL,0,'Pressure','DD-61-A3-D8-F9-C6','l6m6c5cow29',87,86,4,'2016-04-03 15:10:18','2016-04-03 15:10:18'),('n491','Node491',NULL,NULL,0,'Pressure','DD-70-C5-9B-D0-41','uyuh7b0ggb9',78,31,4,'2016-04-03 15:10:18','2016-04-03 15:10:18'),('n492','Node492',NULL,NULL,0,'Light Intensity','D7-74-55-47-AB-07','cv87ihk6gvi',88,25,4,'2016-04-03 15:10:18','2016-04-03 15:10:18'),('n493','Node493',NULL,NULL,0,'Humidity','69-81-38-8F-58-AC','ow1qz9nqaor',21,27,4,'2016-04-03 15:10:18','2016-04-03 15:10:18'),('n494','Node494',NULL,NULL,0,'Temperature','F3-EA-61-C5-E9-CC','kw6jhh0k9',40,99,4,'2016-04-03 15:10:18','2016-04-03 15:10:18'),('n495','Node495',NULL,NULL,0,'Humidity','DD-70-C5-9B-D0-41','5d9aw34bo6r',5,13,4,'2016-04-03 15:10:18','2016-04-03 15:10:18'),('n496','Node496',NULL,NULL,0,'Light Intensity','56-C6-26-8D-02-DC','uu6cdjf9a4i',36,85,4,'2016-04-03 15:10:18','2016-04-03 15:10:18'),('n497','Node497',NULL,NULL,0,'Humidity','99-E6-96-AA-A1-33','hmd8h19vn29',42,78,4,'2016-04-03 15:10:18','2016-04-03 15:10:18'),('n498','Node498',NULL,NULL,0,'Temperature','DD-70-C5-9B-D0-41','ldvrcwvobt9',78,57,4,'2016-04-03 15:10:18','2016-04-03 15:10:18'),('n499','Node499',NULL,NULL,0,'Temperature','84-8C-FD-DE-24-AC','ndpt5tdquxr',96,23,4,'2016-04-03 15:10:18','2016-04-03 15:10:18'),('n5','Node5',356.5755505243884,351.3345036833883,1,'Temperature','3C-8C-BD-6B-AE-22','u58niykfbt9',20,58,1,'2016-04-03 15:10:18','2016-04-03 15:10:18'),('n50','Node50',444.68341753945083,248.11926082758225,1,'Light Intensity','56-C6-26-8D-02-DC','1aqv4ovquxr',21,46,1,'2016-04-03 15:10:18','2016-04-03 15:10:18'),('n500','Node500',NULL,NULL,0,'Pressure','DD-61-A3-D8-F9-C6','9kdddl8r529',74,49,4,'2016-04-03 15:10:18','2016-04-03 15:10:18'),('n501','Node501',NULL,NULL,0,'Temperature','69-81-38-8F-58-AC','nuyp66r',49,73,4,'2016-04-03 15:10:18','2016-04-03 15:10:18'),('n502','Node502',NULL,NULL,0,'Humidity','DD-70-C5-9B-D0-41','bdt083680k9',42,50,4,'2016-04-03 15:10:18','2016-04-03 15:10:18'),('n503','Node503',NULL,NULL,0,'Temperature','99-E6-96-AA-A1-33','we9jyodpldi',74,30,4,'2016-04-03 15:10:18','2016-04-03 15:10:18'),('n504','Node504',NULL,NULL,0,'Humidity','99-E6-96-AA-A1-33','dv29w7phkt9',46,75,4,'2016-04-03 15:10:18','2016-04-03 15:10:18'),('n505','Node505',NULL,NULL,0,'Light Intensity','69-81-38-8F-58-AC','uy0lzncdi',42,48,4,'2016-04-03 15:10:18','2016-04-03 15:10:18'),('n506','Node506',NULL,NULL,0,'Light Intensity','56-C6-26-8D-02-DC','ld3vtrl766r',17,20,4,'2016-04-03 15:10:18','2016-04-03 15:10:18'),('n507','Node507',NULL,NULL,0,'Humidity','69-81-38-8F-58-AC','zkydlw8w7b9',18,77,4,'2016-04-03 15:10:18','2016-04-03 15:10:18'),('n508','Node508',NULL,NULL,0,'Temperature','3C-8C-BD-6B-AE-22','xvgsxg8pvi',45,95,4,'2016-04-03 15:10:18','2016-04-03 15:10:18'),('n509','Node509',NULL,NULL,0,'Pressure','69-81-38-8F-58-AC','5lbd2h5b3xr',39,9,4,'2016-04-03 15:10:18','2016-04-03 15:10:18'),('n51','Node51',106.02765339031907,113.48671531843183,1,'Humidity','56-C6-26-8D-02-DC','6886k4yrpb9',46,74,1,'2016-04-03 15:10:18','2016-04-03 15:10:18'),('n510','Node510',NULL,NULL,0,'Pressure','3C-8C-BD-6B-AE-22','ohmli0be29',94,72,4,'2016-04-03 15:10:18','2016-04-03 15:10:18'),('n511','Node511',NULL,NULL,0,'Light Intensity','69-81-38-8F-58-AC','3qfcht73nmi',37,90,4,'2016-04-03 15:10:18','2016-04-03 15:10:18'),('n512','Node512',NULL,NULL,0,'Temperature','DD-61-A3-D8-F9-C6','8drkas2lnmi',43,8,4,'2016-04-03 15:10:18','2016-04-03 15:10:18'),('n513','Node513',NULL,NULL,0,'Light Intensity','F3-EA-61-C5-E9-CC','frhv4ih33di',13,52,4,'2016-04-03 15:10:18','2016-04-03 15:10:18'),('n514','Node514',NULL,NULL,0,'Light Intensity','56-C6-26-8D-02-DC','uufzyupiudi',12,49,4,'2016-04-03 15:10:18','2016-04-03 15:10:18'),('n515','Node515',NULL,NULL,0,'Humidity','69-81-38-8F-58-AC','tedx2nmte29',82,26,4,'2016-04-03 15:10:18','2016-04-03 15:10:18'),('n516','Node516',NULL,NULL,0,'Temperature','69-81-38-8F-58-AC','oo3nd2f0f6r',91,81,4,'2016-04-03 15:10:18','2016-04-03 15:10:18'),('n517','Node517',NULL,NULL,0,'Temperature','99-E6-96-AA-A1-33','vv8ncqbbj4i',87,39,4,'2016-04-03 15:10:18','2016-04-03 15:10:18'),('n518','Node518',NULL,NULL,0,'Light Intensity','84-8C-FD-DE-24-AC','g3wf99evcxr',89,36,4,'2016-04-03 15:10:18','2016-04-03 15:10:18'),('n519','Node519',NULL,NULL,0,'Light Intensity','DD-61-A3-D8-F9-C6','46ka2z6ko6r',52,39,4,'2016-04-03 15:10:18','2016-04-03 15:10:18'),('n52','Node52',305.15304067868414,216.15645102297808,1,'Light Intensity','DD-61-A3-D8-F9-C6','p0tsd53tyb9',90,14,1,'2016-04-03 15:10:18','2016-04-03 15:10:18'),('n520','Node520',NULL,NULL,0,'Humidity','69-81-38-8F-58-AC','d2ej7adobt9',53,3,4,'2016-04-03 15:10:18','2016-04-03 15:10:18'),('n521','Node521',NULL,NULL,0,'Pressure','DD-61-A3-D8-F9-C6','z5kf45qm2t9',48,84,4,'2016-04-03 15:10:18','2016-04-03 15:10:18'),('n522','Node522',NULL,NULL,0,'Light Intensity','F3-EA-61-C5-E9-CC','56z7b6v42t9',66,73,4,'2016-04-03 15:10:18','2016-04-03 15:10:18'),('n523','Node523',NULL,NULL,0,'Temperature','69-81-38-8F-58-AC','kh4ao22zkt9',33,36,4,'2016-04-03 15:10:18','2016-04-03 15:10:18'),('n524','Node524',NULL,NULL,0,'Temperature','69-81-38-8F-58-AC','0305zpk3xr',5,60,4,'2016-04-03 15:10:18','2016-04-03 15:10:18'),('n525','Node525',NULL,NULL,0,'Pressure','99-E6-96-AA-A1-33','whfpsr1kyb9',40,52,4,'2016-04-03 15:10:18','2016-04-03 15:10:18'),('n526','Node526',NULL,NULL,0,'Temperature','D7-74-55-47-AB-07','d21lvleg66r',38,12,4,'2016-04-03 15:10:18','2016-04-03 15:10:18'),('n527','Node527',NULL,NULL,0,'Light Intensity','69-81-38-8F-58-AC','vld6iqf47vi',77,59,4,'2016-04-03 15:10:18','2016-04-03 15:10:18'),('n528','Node528',NULL,NULL,0,'Pressure','D7-74-55-47-AB-07','txbxyshsemi',31,5,4,'2016-04-03 15:10:18','2016-04-03 15:10:18'),('n529','Node529',NULL,NULL,0,'Light Intensity','D7-74-55-47-AB-07','5k9vy3hxgvi',60,33,4,'2016-04-03 15:10:18','2016-04-03 15:10:18'),('n53','Node53',557.3604584277967,147.79045194852387,1,'Temperature','56-C6-26-8D-02-DC','jiu3csdcxr',42,36,1,'2016-04-03 15:10:18','2016-04-03 15:10:18'),('n530','Node530',NULL,NULL,0,'Light Intensity','99-E6-96-AA-A1-33','lp2wizzolxr',66,51,4,'2016-04-03 15:10:18','2016-04-03 15:10:18'),('n531','Node531',NULL,NULL,0,'Humidity','84-8C-FD-DE-24-AC','jabo42w3ik9',72,15,4,'2016-04-03 15:10:18','2016-04-03 15:10:18'),('n532','Node532',NULL,NULL,0,'Light Intensity','DD-61-A3-D8-F9-C6','n2wnrduc8fr',29,11,4,'2016-04-03 15:10:18','2016-04-03 15:10:18'),('n533','Node533',NULL,NULL,0,'Light Intensity','D7-74-55-47-AB-07','msfn93blnmi',69,37,4,'2016-04-03 15:10:18','2016-04-03 15:10:18'),('n534','Node534',NULL,NULL,0,'Humidity','84-8C-FD-DE-24-AC','6xj3y2e29',77,56,4,'2016-04-03 15:10:18','2016-04-03 15:10:18'),('n535','Node535',NULL,NULL,0,'Light Intensity','3C-8C-BD-6B-AE-22','aar553ik9',34,0,4,'2016-04-03 15:10:18','2016-04-03 15:10:18'),('n536','Node536',NULL,NULL,0,'Temperature','F3-EA-61-C5-E9-CC','eh7jv7snhfr',40,24,4,'2016-04-03 15:10:18','2016-04-03 15:10:18'),('n537','Node537',NULL,NULL,0,'Temperature','56-C6-26-8D-02-DC','97hpr1thuxr',84,48,4,'2016-04-03 15:10:18','2016-04-03 15:10:18'),('n538','Node538',NULL,NULL,0,'Humidity','D7-74-55-47-AB-07','gjg9zm5nrk9',94,34,4,'2016-04-03 15:10:18','2016-04-03 15:10:18'),('n539','Node539',NULL,NULL,0,'Humidity','3C-8C-BD-6B-AE-22','5gvkkwklnmi',90,26,4,'2016-04-03 15:10:18','2016-04-03 15:10:18'),('n54','Node54',785.6917094429527,281.1757308738313,1,'Pressure','56-C6-26-8D-02-DC','1qwqctmx6r',15,54,1,'2016-04-03 15:10:18','2016-04-03 15:10:18'),('n540','Node540',NULL,NULL,0,'Pressure','DD-61-A3-D8-F9-C6','txnsuivn29',27,58,4,'2016-04-03 15:10:18','2016-04-03 15:10:18'),('n541','Node541',NULL,NULL,0,'Temperature','F3-EA-61-C5-E9-CC','y9g4kdfgvi',28,34,4,'2016-04-03 15:10:18','2016-04-03 15:10:18'),('n542','Node542',NULL,NULL,0,'Humidity','DD-61-A3-D8-F9-C6','4fd3qvyrpb9',37,98,4,'2016-04-03 15:10:18','2016-04-03 15:10:18'),('n543','Node543',NULL,NULL,0,'Pressure','99-E6-96-AA-A1-33','7bj6evlhaor',26,44,4,'2016-04-03 15:10:18','2016-04-03 15:10:18'),('n544','Node544',NULL,NULL,0,'Humidity','84-8C-FD-DE-24-AC','3gdolygmn29',65,94,4,'2016-04-03 15:10:18','2016-04-03 15:10:18'),('n545','Node545',NULL,NULL,0,'Pressure','56-C6-26-8D-02-DC','efn9zcwhfr',51,53,4,'2016-04-03 15:10:18','2016-04-03 15:10:18'),('n546','Node546',NULL,NULL,0,'Humidity','99-E6-96-AA-A1-33','6lr5j5opqfr',68,43,4,'2016-04-03 15:10:18','2016-04-03 15:10:18'),('n547','Node547',NULL,NULL,0,'Pressure','99-E6-96-AA-A1-33','wgiwgs98uxr',19,23,4,'2016-04-03 15:10:18','2016-04-03 15:10:18'),('n548','Node548',NULL,NULL,0,'Pressure','3C-8C-BD-6B-AE-22','w9oeuvunmi',58,11,4,'2016-04-03 15:10:18','2016-04-03 15:10:18'),('n549','Node549',NULL,NULL,0,'Humidity','56-C6-26-8D-02-DC','yit5g7m0a4i',35,57,4,'2016-04-03 15:10:18','2016-04-03 15:10:18'),('n55','Node55',307.51959681513296,330.91667540849335,1,'Temperature','3C-8C-BD-6B-AE-22','oj07iizfr',5,40,1,'2016-04-03 15:10:18','2016-04-03 15:10:18'),('n550','Node550',NULL,NULL,0,'Light Intensity','DD-61-A3-D8-F9-C6','jeiungsyvi',62,88,4,'2016-04-03 15:10:18','2016-04-03 15:10:18'),('n551','Node551',NULL,NULL,0,'Pressure','56-C6-26-8D-02-DC','63jxq7iudi',92,76,4,'2016-04-03 15:10:18','2016-04-03 15:10:18'),('n552','Node552',NULL,NULL,0,'Light Intensity','F3-EA-61-C5-E9-CC','9inauuzbyb9',44,33,4,'2016-04-03 15:10:18','2016-04-03 15:10:18'),('n553','Node553',NULL,NULL,0,'Humidity','DD-61-A3-D8-F9-C6','n32v7no2yb9',70,27,4,'2016-04-03 15:10:18','2016-04-03 15:10:18'),('n554','Node554',NULL,NULL,0,'Temperature','DD-61-A3-D8-F9-C6','vumqgp66r',23,59,4,'2016-04-03 15:10:18','2016-04-03 15:10:18'),('n555','Node555',NULL,NULL,0,'Temperature','69-81-38-8F-58-AC','4vquhqcl3di',43,40,4,'2016-04-03 15:10:18','2016-04-03 15:10:18'),('n556','Node556',NULL,NULL,0,'Humidity','56-C6-26-8D-02-DC','laktq9i19k9',88,85,4,'2016-04-03 15:10:18','2016-04-03 15:10:18'),('n557','Node557',NULL,NULL,0,'Temperature','D7-74-55-47-AB-07','34rofqx5hfr',74,44,4,'2016-04-03 15:10:18','2016-04-03 15:10:18'),('n558','Node558',NULL,NULL,0,'Pressure','56-C6-26-8D-02-DC','1ebb58qia4i',82,67,4,'2016-04-03 15:10:18','2016-04-03 15:10:18'),('n559','Node559',NULL,NULL,0,'Temperature','56-C6-26-8D-02-DC','107s4z33di',53,69,4,'2016-04-03 15:10:18','2016-04-03 15:10:18'),('n56','Node56',532.1753704922206,272.3631790053337,1,'Temperature','DD-61-A3-D8-F9-C6','tjt2zxmkj4i',90,34,1,'2016-04-03 15:10:18','2016-04-03 15:10:18'),('n560','Node560',NULL,NULL,0,'Humidity','69-81-38-8F-58-AC','kd4d82maemi',44,73,4,'2016-04-03 15:10:18','2016-04-03 15:10:18'),('n561','Node561',NULL,NULL,0,'Humidity','DD-61-A3-D8-F9-C6','c3io7k6s9k9',71,17,4,'2016-04-03 15:10:18','2016-04-03 15:10:18'),('n562','Node562',NULL,NULL,0,'Pressure','99-E6-96-AA-A1-33','9lech8jv2t9',80,63,4,'2016-04-03 15:10:18','2016-04-03 15:10:18'),('n563','Node563',NULL,NULL,0,'Pressure','69-81-38-8F-58-AC','2b88uwbqpvi',37,24,4,'2016-04-03 15:10:18','2016-04-03 15:10:18'),('n564','Node564',NULL,NULL,0,'Temperature','84-8C-FD-DE-24-AC','d2mibqvkj4i',56,85,4,'2016-04-03 15:10:18','2016-04-03 15:10:18'),('n565','Node565',NULL,NULL,0,'Light Intensity','84-8C-FD-DE-24-AC','y07zvoswcdi',54,43,4,'2016-04-03 15:10:18','2016-04-03 15:10:18'),('n566','Node566',NULL,NULL,0,'Temperature','56-C6-26-8D-02-DC','vrit4akbj4i',89,68,4,'2016-04-03 15:10:18','2016-04-03 15:10:18'),('n567','Node567',NULL,NULL,0,'Temperature','56-C6-26-8D-02-DC','gow4qp8pvi',14,20,4,'2016-04-03 15:10:18','2016-04-03 15:10:18'),('n568','Node568',NULL,NULL,0,'Humidity','69-81-38-8F-58-AC','0x18oqx5hfr',35,20,4,'2016-04-03 15:10:18','2016-04-03 15:10:18'),('n569','Node569',NULL,NULL,0,'Temperature','D7-74-55-47-AB-07','6tx5vbihpvi',46,30,4,'2016-04-03 15:10:18','2016-04-03 15:10:18'),('n57','Node57',589.0659209224732,146.13679914539745,1,'Light Intensity','DD-70-C5-9B-D0-41','pypwb0dlsor',4,99,1,'2016-04-03 15:10:18','2016-04-03 15:10:18'),('n570','Node570',NULL,NULL,0,'Pressure','56-C6-26-8D-02-DC','c9oxmuhxgvi',17,96,4,'2016-04-03 15:10:18','2016-04-03 15:10:18'),('n571','Node571',NULL,NULL,0,'Pressure','84-8C-FD-DE-24-AC','ywzo6gbke29',96,92,4,'2016-04-03 15:10:18','2016-04-03 15:10:18'),('n572','Node572',NULL,NULL,0,'Humidity','D7-74-55-47-AB-07','zg9ir2lz0k9',73,66,4,'2016-04-03 15:10:18','2016-04-03 15:10:18'),('n573','Node573',NULL,NULL,0,'Humidity','3C-8C-BD-6B-AE-22','0n5tutyb9',30,64,4,'2016-04-03 15:10:18','2016-04-03 15:10:18'),('n574','Node574',NULL,NULL,0,'Light Intensity','99-E6-96-AA-A1-33','44n4vi8jjor',95,74,4,'2016-04-03 15:10:18','2016-04-03 15:10:18'),('n575','Node575',NULL,NULL,0,'Light Intensity','69-81-38-8F-58-AC','kw8tkt0ggb9',38,48,4,'2016-04-03 15:10:18','2016-04-03 15:10:18'),('n576','Node576',NULL,NULL,0,'Light Intensity','56-C6-26-8D-02-DC','20m04yousor',51,14,4,'2016-04-03 15:10:18','2016-04-03 15:10:18'),('n577','Node577',NULL,NULL,0,'Light Intensity','DD-70-C5-9B-D0-41','fz6hyh6ko6r',86,12,4,'2016-04-03 15:10:18','2016-04-03 15:10:18'),('n578','Node578',NULL,NULL,0,'Temperature','56-C6-26-8D-02-DC','fmtqaqvvx6r',93,68,4,'2016-04-03 15:10:18','2016-04-03 15:10:18'),('n579','Node579',NULL,NULL,0,'Humidity','3C-8C-BD-6B-AE-22','tfc19bpgb9',14,44,4,'2016-04-03 15:10:18','2016-04-03 15:10:18'),('n58','Node58',676.8954540800958,277.5392755155967,1,'Temperature','D7-74-55-47-AB-07','y66ds9hehfr',60,4,1,'2016-04-03 15:10:18','2016-04-03 15:10:18'),('n580','Node580',NULL,NULL,0,'Pressure','3C-8C-BD-6B-AE-22','epl0woskyb9',13,52,4,'2016-04-03 15:10:18','2016-04-03 15:10:18'),('n581','Node581',NULL,NULL,0,'Temperature','DD-61-A3-D8-F9-C6','uk7iltyb9',2,47,4,'2016-04-03 15:10:18','2016-04-03 15:10:18'),('n582','Node582',NULL,NULL,0,'Humidity','DD-61-A3-D8-F9-C6','ujucvea5rk9',61,70,4,'2016-04-03 15:10:18','2016-04-03 15:10:18'),('n583','Node583',NULL,NULL,0,'Light Intensity','84-8C-FD-DE-24-AC','9hr0qvholxr',59,3,4,'2016-04-03 15:10:18','2016-04-03 15:10:18'),('n584','Node584',NULL,NULL,0,'Temperature','DD-61-A3-D8-F9-C6','sp84amgf1or',34,57,4,'2016-04-03 15:10:18','2016-04-03 15:10:18'),('n585','Node585',NULL,NULL,0,'Pressure','D7-74-55-47-AB-07','lyipxbhuxr',2,47,4,'2016-04-03 15:10:18','2016-04-03 15:10:18'),('n586','Node586',NULL,NULL,0,'Temperature','69-81-38-8F-58-AC','xwq7z1fko6r',19,36,4,'2016-04-03 15:10:18','2016-04-03 15:10:18'),('n587','Node587',NULL,NULL,0,'Humidity','69-81-38-8F-58-AC','6vp62h85mi',76,3,4,'2016-04-03 15:10:18','2016-04-03 15:10:18'),('n588','Node588',NULL,NULL,0,'Light Intensity','56-C6-26-8D-02-DC','a89kayh9f6r',46,39,4,'2016-04-03 15:10:18','2016-04-03 15:10:18'),('n589','Node589',NULL,NULL,0,'Temperature','D7-74-55-47-AB-07','gc30thgp66r',44,89,4,'2016-04-03 15:10:18','2016-04-03 15:10:18'),('n59','Node59',204.03694970432815,101.26262177700372,1,'Light Intensity','99-E6-96-AA-A1-33','mvecs9ssjor',82,91,1,'2016-04-03 15:10:18','2016-04-03 15:10:18'),('n590','Node590',NULL,NULL,0,'Humidity','84-8C-FD-DE-24-AC','unj124kj4i',60,29,4,'2016-04-03 15:10:18','2016-04-03 15:10:18'),('n591','Node591',NULL,NULL,0,'Light Intensity','DD-61-A3-D8-F9-C6','9621niv0a4i',32,97,4,'2016-04-03 15:10:18','2016-04-03 15:10:18'),('n592','Node592',NULL,NULL,0,'Humidity','F3-EA-61-C5-E9-CC','hdu2efry66r',6,90,4,'2016-04-03 15:10:18','2016-04-03 15:10:18'),('n593','Node593',NULL,NULL,0,'Pressure','3C-8C-BD-6B-AE-22','pcodaacq5mi',6,15,4,'2016-04-03 15:10:18','2016-04-03 15:10:18'),('n594','Node594',NULL,NULL,0,'Pressure','99-E6-96-AA-A1-33','0xxrlw3766r',59,4,4,'2016-04-03 15:10:18','2016-04-03 15:10:18'),('n595','Node595',NULL,NULL,0,'Pressure','D7-74-55-47-AB-07','izdsiqkt9',29,37,4,'2016-04-03 15:10:18','2016-04-03 15:10:18'),('n596','Node596',NULL,NULL,0,'Temperature','3C-8C-BD-6B-AE-22','e2sw09t3xr',47,67,4,'2016-04-03 15:10:18','2016-04-03 15:10:18'),('n597','Node597',NULL,NULL,0,'Humidity','DD-61-A3-D8-F9-C6','dhg3lb7f1or',53,63,4,'2016-04-03 15:10:18','2016-04-03 15:10:18'),('n598','Node598',NULL,NULL,0,'Humidity','3C-8C-BD-6B-AE-22','n57txrbe29',24,29,4,'2016-04-03 15:10:18','2016-04-03 15:10:18'),('n599','Node599',NULL,NULL,0,'Temperature','84-8C-FD-DE-24-AC','5o4kdlvj9k9',87,93,4,'2016-04-03 15:10:18','2016-04-03 15:10:18'),('n6','Node6',520.2394099466442,204.57687108633408,1,'Light Intensity','69-81-38-8F-58-AC','g1pxo4rt3xr',65,77,1,'2016-04-03 15:10:18','2016-04-03 15:10:18'),('n60','Node60',160.80982271633778,318.43324179199607,1,'Light Intensity','69-81-38-8F-58-AC','mmnytit3xr',85,80,1,'2016-04-03 15:10:18','2016-04-03 15:10:18'),('n600','Node600',NULL,NULL,0,'Humidity','84-8C-FD-DE-24-AC','8v1d5a8m2t9',68,37,4,'2016-04-03 15:10:18','2016-04-03 15:10:18'),('n61','Node61',659.5375660837567,250.8230641926353,1,'Pressure','99-E6-96-AA-A1-33','veft70t3xr',49,86,1,'2016-04-03 15:10:18','2016-04-03 15:10:18'),('n62','Node62',499.68466915235,220.4107580224881,1,'Temperature','56-C6-26-8D-02-DC','l1epix80k9',90,67,1,'2016-04-03 15:10:18','2016-04-03 15:10:18'),('n63','Node63',586.3591678842414,93.74085235524623,1,'Pressure','99-E6-96-AA-A1-33','emi57et57b9',70,29,1,'2016-04-03 15:10:18','2016-04-03 15:10:18'),('n64','Node64',339.5458285516585,284.9168343760953,1,'Temperature','99-E6-96-AA-A1-33','qmesjb81tt9',22,87,1,'2016-04-03 15:10:18','2016-04-03 15:10:18'),('n65','Node65',731.945638761066,169.86830937610142,1,'Light Intensity','99-E6-96-AA-A1-33','tyosr05p14i',56,38,1,'2016-04-03 15:10:18','2016-04-03 15:10:18'),('n66','Node66',309.0666050903958,180.67228964996417,1,'Light Intensity','DD-70-C5-9B-D0-41','m1vc0tnvcxr',58,95,1,'2016-04-03 15:10:18','2016-04-03 15:10:18'),('n67','Node67',635.4787021708678,261.13751838037786,1,'Light Intensity','3C-8C-BD-6B-AE-22','crlom3g14i',99,44,1,'2016-04-03 15:10:18','2016-04-03 15:10:18'),('n68','Node68',219.2971516253125,240.5344927412979,1,'Temperature','69-81-38-8F-58-AC','dcl3aao47vi',77,92,1,'2016-04-03 15:10:18','2016-04-03 15:10:18'),('n69','Node69',575.7953790297024,266.49650359469877,1,'Temperature','69-81-38-8F-58-AC','7synhoajor',77,93,1,'2016-04-03 15:10:18','2016-04-03 15:10:18'),('n7','Node7',66.29694803640783,181.54786532955532,1,'Humidity','99-E6-96-AA-A1-33','xpbec7syvi',50,59,1,'2016-04-03 15:10:18','2016-04-03 15:10:18'),('n70','Node70',434.52766586324776,222.05890504418358,1,'Humidity','3C-8C-BD-6B-AE-22','oahgnqxgvi',87,70,1,'2016-04-03 15:10:18','2016-04-03 15:10:18'),('n71','Node71',360.6635155333094,310.44549523587943,1,'Light Intensity','69-81-38-8F-58-AC','eg5uc3gcik9',70,10,1,'2016-04-03 15:10:18','2016-04-03 15:10:18'),('n72','Node72',701.563610215337,223.03310884543072,1,'Light Intensity','69-81-38-8F-58-AC','l26nuzestt9',14,78,1,'2016-04-03 15:10:18','2016-04-03 15:10:18'),('n73','Node73',669.9409712977994,204.4968852962949,1,'Pressure','69-81-38-8F-58-AC','6o3xdh1tt9',54,44,1,'2016-04-03 15:10:18','2016-04-03 15:10:18'),('n74','Node74',319.43518407880157,87.04602783193494,1,'Pressure','F3-EA-61-C5-E9-CC','7cb8conipb9',7,30,1,'2016-04-03 15:10:18','2016-04-03 15:10:18'),('n75','Node75',552.2810635933974,204.51079483003355,1,'Pressure','99-E6-96-AA-A1-33','98e32d6xbt9',40,29,1,'2016-04-03 15:10:18','2016-04-03 15:10:18'),('n76','Node76',491.5451915385856,98.69108007137316,1,'Humidity','99-E6-96-AA-A1-33','u2h5hilik9',54,67,1,'2016-04-03 15:10:18','2016-04-03 15:10:18'),('n77','Node77',426.93749381417456,149.6655821408338,1,'Humidity','F3-EA-61-C5-E9-CC','3bemxu8r529',47,81,1,'2016-04-03 15:10:18','2016-04-03 15:10:18'),('n78','Node78',509.1250812486136,251.2053504357254,1,'Light Intensity','D7-74-55-47-AB-07','cg1k48fflxr',32,90,1,'2016-04-03 15:10:18','2016-04-03 15:10:18'),('n79','Node79',554.4512878287558,332.6006934791191,1,'Pressure','DD-61-A3-D8-F9-C6','mcvbp96yldi',65,5,1,'2016-04-03 15:10:18','2016-04-03 15:10:18'),('n8','Node8',510.82538706502044,347.19031091067455,1,'Pressure','D7-74-55-47-AB-07','zakn8eel8fr',83,76,1,'2016-04-03 15:10:18','2016-04-03 15:10:18'),('n80','Node80',430.45805809610147,322.54286757240817,1,'Temperature','DD-70-C5-9B-D0-41','tugrrzcwhfr',8,49,1,'2016-04-03 15:10:18','2016-04-03 15:10:18'),('n81','Node81',562.1283042139064,215.5927813739981,1,'Temperature','F3-EA-61-C5-E9-CC','9ejdnfry66r',5,72,1,'2016-04-03 15:10:18','2016-04-03 15:10:18'),('n82','Node82',420.7430525107352,225.42663084649726,1,'Light Intensity','84-8C-FD-DE-24-AC','fc15pyl23xr',43,76,1,'2016-04-03 15:10:18','2016-04-03 15:10:18'),('n83','Node83',433.5846696375936,264.4286182327821,1,'Humidity','84-8C-FD-DE-24-AC','7n239d7k3xr',62,53,1,'2016-04-03 15:10:18','2016-04-03 15:10:18'),('n84','Node84',625.9619588426012,198.82394667727047,1,'Temperature','3C-8C-BD-6B-AE-22','qsgls3e4s4i',9,2,1,'2016-04-03 15:10:18','2016-04-03 15:10:18'),('n85','Node85',54.99430601503718,105.72773335629898,1,'Pressure','DD-70-C5-9B-D0-41','s2pqzolxr',80,88,1,'2016-04-03 15:10:18','2016-04-03 15:10:18'),('n86','Node86',534.8555747033136,167.73218183305622,1,'Humidity','99-E6-96-AA-A1-33','40nlui8uxr',22,81,1,'2016-04-03 15:10:18','2016-04-03 15:10:18'),('n87','Node87',380.99818514015453,156.9035448327366,1,'Humidity','3C-8C-BD-6B-AE-22','dndjgi4quxr',31,86,1,'2016-04-03 15:10:18','2016-04-03 15:10:18'),('n88','Node88',620.2968110498291,163.74474622219086,1,'Light Intensity','DD-61-A3-D8-F9-C6','wmnlfdmquxr',13,82,1,'2016-04-03 15:10:18','2016-04-03 15:10:18'),('n89','Node89',380.1274454496513,87.39015308190505,1,'Pressure','DD-61-A3-D8-F9-C6','i05kmjnstt9',81,86,1,'2016-04-03 15:10:18','2016-04-03 15:10:18'),('n9','Node9',233.966018402072,145.14587680306477,1,'Pressure','3C-8C-BD-6B-AE-22','lxyhwk4kj4i',80,40,1,'2016-04-03 15:10:18','2016-04-03 15:10:18'),('n90','Node90',279.28576595926893,353.555257142603,1,'Temperature','DD-61-A3-D8-F9-C6','hw3zijdobt9',83,3,1,'2016-04-03 15:10:18','2016-04-03 15:10:18'),('n91','Node91',249.46307871836296,242.46249327363785,1,'Humidity','D7-74-55-47-AB-07','50wmfopf1or',70,0,1,'2016-04-03 15:10:18','2016-04-03 15:10:18'),('n92','Node92',63.789033685603215,304.6265258114449,1,'Pressure','DD-61-A3-D8-F9-C6','slt4i1f9a4i',74,5,1,'2016-04-03 15:10:18','2016-04-03 15:10:18'),('n93','Node93',602.988983191931,75.31847306247025,1,'Pressure','DD-70-C5-9B-D0-41','ytjfj8xgvi',17,79,1,'2016-04-03 15:10:18','2016-04-03 15:10:18'),('n94','Node94',462.41517853640903,235.5240414332103,1,'Light Intensity','56-C6-26-8D-02-DC','7blkidg3nmi',46,49,1,'2016-04-03 15:10:18','2016-04-03 15:10:18'),('n95','Node95',220.9245854903114,182.06635821716176,1,'Temperature','D7-74-55-47-AB-07','8rpe9x80k9',95,22,1,'2016-04-03 15:10:18','2016-04-03 15:10:18'),('n96','Node96',68.78905747679434,139.41873745181803,1,'Humidity','DD-61-A3-D8-F9-C6','gp9ghdoyldi',42,83,1,'2016-04-03 15:10:18','2016-04-03 15:10:18'),('n97','Node97',278.91366035914365,168.1197808824966,1,'Light Intensity','D7-74-55-47-AB-07','i6tfyrs5rk9',23,50,1,'2016-04-03 15:10:18','2016-04-03 15:10:18'),('n98','Node98',570.610310725715,178.11307600814092,1,'Humidity','DD-61-A3-D8-F9-C6','tnve4zyf1or',67,76,1,'2016-04-03 15:10:18','2016-04-03 15:10:18'),('n99','Node99',209.99977404790258,71.91483609525982,1,'Temperature','69-81-38-8F-58-AC','ok1y8wa5rk9',52,65,1,'2016-04-03 15:10:18','2016-04-03 15:10:18');
/*!40000 ALTER TABLE `nodes` ENABLE KEYS */;
UNLOCK TABLES;

--
-- Table structure for table `sequelizemeta`
--

DROP TABLE IF EXISTS `sequelizemeta`;
/*!40101 SET @saved_cs_client     = @@character_set_client */;
/*!40101 SET character_set_client = utf8 */;
CREATE TABLE `sequelizemeta` (
  `name` varchar(255) COLLATE utf8_unicode_ci NOT NULL,
  PRIMARY KEY (`name`),
  UNIQUE KEY `name` (`name`),
  UNIQUE KEY `SequelizeMeta_name_unique` (`name`)
) ENGINE=InnoDB DEFAULT CHARSET=utf8 COLLATE=utf8_unicode_ci;
/*!40101 SET character_set_client = @saved_cs_client */;

--
-- Dumping data for table `sequelizemeta`
--

LOCK TABLES `sequelizemeta` WRITE;
/*!40000 ALTER TABLE `sequelizemeta` DISABLE KEYS */;
INSERT INTO `sequelizemeta` VALUES ('20160202214130-create-node.js'),('20160202214339-create-edge.js'),('20160325085050-create-floor.js'),('20160403184634-create-configuration.js');
/*!40000 ALTER TABLE `sequelizemeta` ENABLE KEYS */;
UNLOCK TABLES;
/*!40103 SET TIME_ZONE=@OLD_TIME_ZONE */;

/*!40101 SET SQL_MODE=@OLD_SQL_MODE */;
/*!40014 SET FOREIGN_KEY_CHECKS=@OLD_FOREIGN_KEY_CHECKS */;
/*!40014 SET UNIQUE_CHECKS=@OLD_UNIQUE_CHECKS */;
/*!40101 SET CHARACTER_SET_CLIENT=@OLD_CHARACTER_SET_CLIENT */;
/*!40101 SET CHARACTER_SET_RESULTS=@OLD_CHARACTER_SET_RESULTS */;
/*!40101 SET COLLATION_CONNECTION=@OLD_COLLATION_CONNECTION */;
/*!40111 SET SQL_NOTES=@OLD_SQL_NOTES */;

-- Dump completed on 2016-04-03 23:30:18
