-- MySQL dump 10.13  Distrib 5.7.9, for Win64 (x86_64)
--
-- Host: localhost    Database: graph
-- ------------------------------------------------------
-- Server version	5.7.11-log

/*!40101 SET @OLD_CHARACTER_SET_CLIENT=@@CHARACTER_SET_CLIENT */;
/*!40101 SET @OLD_CHARACTER_SET_RESULTS=@@CHARACTER_SET_RESULTS */;
/*!40101 SET @OLD_COLLATION_CONNECTION=@@COLLATION_CONNECTION */;
/*!40101 SET NAMES utf8 */;
/*!40103 SET @OLD_TIME_ZONE=@@TIME_ZONE */;
/*!40103 SET TIME_ZONE='+00:00' */;
/*!40014 SET @OLD_UNIQUE_CHECKS=@@UNIQUE_CHECKS, UNIQUE_CHECKS=0 */;
/*!40014 SET @OLD_FOREIGN_KEY_CHECKS=@@FOREIGN_KEY_CHECKS, FOREIGN_KEY_CHECKS=0 */;
/*!40101 SET @OLD_SQL_MODE=@@SQL_MODE, SQL_MODE='NO_AUTO_VALUE_ON_ZERO' */;
/*!40111 SET @OLD_SQL_NOTES=@@SQL_NOTES, SQL_NOTES=0 */;

--
-- Table structure for table `configurations`
--

DROP TABLE IF EXISTS `configurations`;
/*!40101 SET @saved_cs_client     = @@character_set_client */;
/*!40101 SET character_set_client = utf8 */;
CREATE TABLE `configurations` (
  `id` int(11) NOT NULL AUTO_INCREMENT,
  `base_browser_width` double DEFAULT NULL,
  `base_graph_container_width` double DEFAULT NULL,
  `createdAt` datetime NOT NULL,
  `updatedAt` datetime NOT NULL,
  PRIMARY KEY (`id`)
) ENGINE=InnoDB AUTO_INCREMENT=3 DEFAULT CHARSET=utf8;
/*!40101 SET character_set_client = @saved_cs_client */;

--
-- Dumping data for table `configurations`
--

LOCK TABLES `configurations` WRITE;
/*!40000 ALTER TABLE `configurations` DISABLE KEYS */;
INSERT INTO `configurations` VALUES (2,1366,866,'2016-04-03 14:43:57','2016-04-03 14:43:57');
/*!40000 ALTER TABLE `configurations` ENABLE KEYS */;
UNLOCK TABLES;

--
-- Table structure for table `edges`
--

DROP TABLE IF EXISTS `edges`;
/*!40101 SET @saved_cs_client     = @@character_set_client */;
/*!40101 SET character_set_client = utf8 */;
CREATE TABLE `edges` (
  `edge_id` varchar(255) NOT NULL,
  `source` varchar(255) DEFAULT NULL,
  `target` varchar(255) DEFAULT NULL,
  `traffic` varchar(255) DEFAULT NULL,
  `floor_number` int(11) DEFAULT NULL,
  `createdAt` datetime NOT NULL,
  `updatedAt` datetime NOT NULL,
  PRIMARY KEY (`edge_id`)
) ENGINE=InnoDB DEFAULT CHARSET=utf8;
/*!40101 SET character_set_client = @saved_cs_client */;

--
-- Dumping data for table `edges`
--

LOCK TABLES `edges` WRITE;
/*!40000 ALTER TABLE `edges` DISABLE KEYS */;
INSERT INTO `edges` VALUES ('e0','n14','n25','light',1,'2016-04-03 14:43:57','2016-04-03 14:43:57'),('e1','n12','n43','light',1,'2016-04-03 14:43:57','2016-04-03 14:43:57'),('e10','n33','n10','moderate',1,'2016-04-03 14:43:57','2016-04-03 14:43:57'),('e100','n79','n51','heavy',2,'2016-04-03 14:43:57','2016-04-03 14:43:57'),('e101','n86','n74','heavy',2,'2016-04-03 14:43:57','2016-04-03 14:43:57'),('e102','n88','n99','moderate',2,'2016-04-03 14:43:57','2016-04-03 14:43:57'),('e103','n77','n51','heavy',2,'2016-04-03 14:43:57','2016-04-03 14:43:57'),('e104','n97','n87','light',2,'2016-04-03 14:43:57','2016-04-03 14:43:57'),('e105','n78','n76','heavy',2,'2016-04-03 14:43:57','2016-04-03 14:43:57'),('e106','n92','n55','heavy',2,'2016-04-03 14:43:57','2016-04-03 14:43:57'),('e107','n97','n73','moderate',2,'2016-04-03 14:43:57','2016-04-03 14:43:57'),('e108','n94','n53','heavy',2,'2016-04-03 14:43:57','2016-04-03 14:43:57'),('e109','n84','n81','heavy',2,'2016-04-03 14:43:57','2016-04-03 14:43:57'),('e11','n23','n22','moderate',1,'2016-04-03 14:43:57','2016-04-03 14:43:57'),('e110','n77','n58','heavy',2,'2016-04-03 14:43:57','2016-04-03 14:43:57'),('e111','n53','n70','moderate',2,'2016-04-03 14:43:57','2016-04-03 14:43:57'),('e112','n88','n57','heavy',2,'2016-04-03 14:43:57','2016-04-03 14:43:57'),('e113','n53','n74','light',2,'2016-04-03 14:43:57','2016-04-03 14:43:57'),('e114','n68','n85','heavy',2,'2016-04-03 14:43:57','2016-04-03 14:43:57'),('e115','n80','n70','heavy',2,'2016-04-03 14:43:57','2016-04-03 14:43:57'),('e116','n80','n66','light',2,'2016-04-03 14:43:57','2016-04-03 14:43:57'),('e117','n98','n85','light',2,'2016-04-03 14:43:57','2016-04-03 14:43:57'),('e118','n56','n84','light',2,'2016-04-03 14:43:57','2016-04-03 14:43:57'),('e119','n77','n94','heavy',2,'2016-04-03 14:43:57','2016-04-03 14:43:57'),('e12','n17','n4','light',1,'2016-04-03 14:43:57','2016-04-03 14:43:57'),('e120','n85','n93','moderate',2,'2016-04-03 14:43:57','2016-04-03 14:43:57'),('e121','n62','n89','moderate',2,'2016-04-03 14:43:57','2016-04-03 14:43:57'),('e122','n93','n53','moderate',2,'2016-04-03 14:43:57','2016-04-03 14:43:57'),('e123','n76','n72','moderate',2,'2016-04-03 14:43:57','2016-04-03 14:43:57'),('e124','n77','n58','moderate',2,'2016-04-03 14:43:57','2016-04-03 14:43:57'),('e125','n85','n61','light',2,'2016-04-03 14:43:57','2016-04-03 14:43:57'),('e126','n74','n56','light',2,'2016-04-03 14:43:57','2016-04-03 14:43:57'),('e127','n67','n64','light',2,'2016-04-03 14:43:57','2016-04-03 14:43:57'),('e128','n65','n62','heavy',2,'2016-04-03 14:43:57','2016-04-03 14:43:57'),('e129','n90','n66','heavy',2,'2016-04-03 14:43:57','2016-04-03 14:43:57'),('e13','n10','n1','heavy',1,'2016-04-03 14:43:57','2016-04-03 14:43:57'),('e130','n80','n68','moderate',2,'2016-04-03 14:43:57','2016-04-03 14:43:57'),('e131','n97','n93','heavy',2,'2016-04-03 14:43:57','2016-04-03 14:43:57'),('e132','n94','n78','light',2,'2016-04-03 14:43:57','2016-04-03 14:43:57'),('e133','n97','n70','moderate',2,'2016-04-03 14:43:57','2016-04-03 14:43:57'),('e134','n81','n96','heavy',2,'2016-04-03 14:43:57','2016-04-03 14:43:57'),('e135','n95','n52','light',2,'2016-04-03 14:43:57','2016-04-03 14:43:57'),('e136','n87','n65','light',2,'2016-04-03 14:43:57','2016-04-03 14:43:57'),('e137','n74','n68','light',2,'2016-04-03 14:43:57','2016-04-03 14:43:57'),('e138','n98','n72','moderate',2,'2016-04-03 14:43:57','2016-04-03 14:43:57'),('e139','n92','n85','light',2,'2016-04-03 14:43:57','2016-04-03 14:43:57'),('e14','n11','n28','moderate',1,'2016-04-03 14:43:57','2016-04-03 14:43:57'),('e140','n63','n93','heavy',2,'2016-04-03 14:43:57','2016-04-03 14:43:57'),('e141','n84','n91','moderate',2,'2016-04-03 14:43:57','2016-04-03 14:43:57'),('e142','n76','n99','moderate',2,'2016-04-03 14:43:57','2016-04-03 14:43:57'),('e143','n80','n72','heavy',2,'2016-04-03 14:43:57','2016-04-03 14:43:57'),('e144','n54','n75','moderate',2,'2016-04-03 14:43:57','2016-04-03 14:43:57'),('e145','n94','n89','moderate',2,'2016-04-03 14:43:57','2016-04-03 14:43:57'),('e146','n98','n51','heavy',2,'2016-04-03 14:43:57','2016-04-03 14:43:57'),('e147','n87','n97','moderate',2,'2016-04-03 14:43:57','2016-04-03 14:43:57'),('e148','n70','n75','light',2,'2016-04-03 14:43:57','2016-04-03 14:43:57'),('e149','n83','n63','moderate',2,'2016-04-03 14:43:57','2016-04-03 14:43:57'),('e15','n7','n28','moderate',1,'2016-04-03 14:43:57','2016-04-03 14:43:57'),('e150','n112','n101','light',3,'2016-04-03 14:43:57','2016-04-03 14:43:57'),('e151','n135','n122','moderate',3,'2016-04-03 14:43:57','2016-04-03 14:43:57'),('e152','n113','n126','heavy',3,'2016-04-03 14:43:57','2016-04-03 14:43:57'),('e153','n117','n141','moderate',3,'2016-04-03 14:43:57','2016-04-03 14:43:57'),('e154','n116','n117','light',3,'2016-04-03 14:43:57','2016-04-03 14:43:57'),('e155','n102','n131','moderate',3,'2016-04-03 14:43:57','2016-04-03 14:43:57'),('e156','n149','n138','heavy',3,'2016-04-03 14:43:57','2016-04-03 14:43:57'),('e157','n127','n116','heavy',3,'2016-04-03 14:43:57','2016-04-03 14:43:57'),('e158','n129','n112','light',3,'2016-04-03 14:43:57','2016-04-03 14:43:57'),('e159','n127','n117','light',3,'2016-04-03 14:43:57','2016-04-03 14:43:57'),('e16','n15','n30','light',1,'2016-04-03 14:43:57','2016-04-03 14:43:57'),('e160','n102','n117','moderate',3,'2016-04-03 14:43:57','2016-04-03 14:43:57'),('e161','n104','n145','heavy',3,'2016-04-03 14:43:57','2016-04-03 14:43:57'),('e162','n116','n137','light',3,'2016-04-03 14:43:57','2016-04-03 14:43:57'),('e163','n134','n112','light',3,'2016-04-03 14:43:57','2016-04-03 14:43:57'),('e164','n118','n116','heavy',3,'2016-04-03 14:43:57','2016-04-03 14:43:57'),('e165','n109','n140','light',3,'2016-04-03 14:43:57','2016-04-03 14:43:57'),('e166','n127','n129','moderate',3,'2016-04-03 14:43:57','2016-04-03 14:43:57'),('e167','n122','n137','heavy',3,'2016-04-03 14:43:57','2016-04-03 14:43:57'),('e168','n123','n145','light',3,'2016-04-03 14:43:57','2016-04-03 14:43:57'),('e169','n147','n108','moderate',3,'2016-04-03 14:43:57','2016-04-03 14:43:57'),('e17','n36','n34','moderate',1,'2016-04-03 14:43:57','2016-04-03 14:43:57'),('e170','n125','n119','heavy',3,'2016-04-03 14:43:57','2016-04-03 14:43:57'),('e171','n147','n127','heavy',3,'2016-04-03 14:43:57','2016-04-03 14:43:57'),('e172','n121','n133','light',3,'2016-04-03 14:43:57','2016-04-03 14:43:57'),('e173','n137','n103','moderate',3,'2016-04-03 14:43:57','2016-04-03 14:43:57'),('e174','n126','n113','moderate',3,'2016-04-03 14:43:57','2016-04-03 14:43:57'),('e175','n128','n141','light',3,'2016-04-03 14:43:57','2016-04-03 14:43:57'),('e176','n109','n119','light',3,'2016-04-03 14:43:57','2016-04-03 14:43:57'),('e177','n130','n129','heavy',3,'2016-04-03 14:43:57','2016-04-03 14:43:57'),('e178','n105','n120','light',3,'2016-04-03 14:43:57','2016-04-03 14:43:57'),('e179','n124','n131','heavy',3,'2016-04-03 14:43:57','2016-04-03 14:43:57'),('e18','n2','n23','heavy',1,'2016-04-03 14:43:57','2016-04-03 14:43:57'),('e180','n136','n146','light',3,'2016-04-03 14:43:57','2016-04-03 14:43:57'),('e181','n119','n133','moderate',3,'2016-04-03 14:43:57','2016-04-03 14:43:57'),('e182','n104','n109','light',3,'2016-04-03 14:43:57','2016-04-03 14:43:57'),('e183','n116','n139','light',3,'2016-04-03 14:43:57','2016-04-03 14:43:57'),('e184','n116','n149','moderate',3,'2016-04-03 14:43:57','2016-04-03 14:43:57'),('e185','n117','n107','light',3,'2016-04-03 14:43:57','2016-04-03 14:43:57'),('e186','n120','n127','heavy',3,'2016-04-03 14:43:57','2016-04-03 14:43:57'),('e187','n116','n144','light',3,'2016-04-03 14:43:57','2016-04-03 14:43:57'),('e188','n131','n109','light',3,'2016-04-03 14:43:57','2016-04-03 14:43:57'),('e189','n104','n140','heavy',3,'2016-04-03 14:43:57','2016-04-03 14:43:57'),('e19','n25','n26','light',1,'2016-04-03 14:43:57','2016-04-03 14:43:57'),('e190','n117','n144','moderate',3,'2016-04-03 14:43:57','2016-04-03 14:43:57'),('e191','n101','n130','moderate',3,'2016-04-03 14:43:57','2016-04-03 14:43:57'),('e192','n143','n114','light',3,'2016-04-03 14:43:57','2016-04-03 14:43:57'),('e193','n139','n126','heavy',3,'2016-04-03 14:43:57','2016-04-03 14:43:57'),('e194','n107','n104','light',3,'2016-04-03 14:43:57','2016-04-03 14:43:57'),('e195','n148','n147','heavy',3,'2016-04-03 14:43:57','2016-04-03 14:43:57'),('e196','n113','n149','moderate',3,'2016-04-03 14:43:57','2016-04-03 14:43:57'),('e197','n132','n115','heavy',3,'2016-04-03 14:43:57','2016-04-03 14:43:57'),('e198','n141','n144','heavy',3,'2016-04-03 14:43:57','2016-04-03 14:43:57'),('e199','n117','n102','moderate',3,'2016-04-03 14:43:57','2016-04-03 14:43:57'),('e2','n45','n17','heavy',1,'2016-04-03 14:43:57','2016-04-03 14:43:57'),('e20','n15','n18','moderate',1,'2016-04-03 14:43:57','2016-04-03 14:43:57'),('e200','n114','n127','heavy',3,'2016-04-03 14:43:57','2016-04-03 14:43:57'),('e201','n132','n140','light',3,'2016-04-03 14:43:57','2016-04-03 14:43:57'),('e202','n144','n130','heavy',3,'2016-04-03 14:43:57','2016-04-03 14:43:57'),('e203','n103','n112','heavy',3,'2016-04-03 14:43:57','2016-04-03 14:43:57'),('e204','n149','n137','heavy',3,'2016-04-03 14:43:57','2016-04-03 14:43:57'),('e205','n118','n126','heavy',3,'2016-04-03 14:43:57','2016-04-03 14:43:57'),('e206','n113','n133','moderate',3,'2016-04-03 14:43:57','2016-04-03 14:43:57'),('e207','n109','n127','moderate',3,'2016-04-03 14:43:57','2016-04-03 14:43:57'),('e208','n142','n143','light',3,'2016-04-03 14:43:57','2016-04-03 14:43:57'),('e209','n105','n109','moderate',3,'2016-04-03 14:43:57','2016-04-03 14:43:57'),('e21','n1','n24','moderate',1,'2016-04-03 14:43:57','2016-04-03 14:43:57'),('e210','n122','n148','heavy',3,'2016-04-03 14:43:57','2016-04-03 14:43:57'),('e211','n138','n133','heavy',3,'2016-04-03 14:43:57','2016-04-03 14:43:57'),('e212','n109','n122','moderate',3,'2016-04-03 14:43:57','2016-04-03 14:43:57'),('e213','n127','n142','moderate',3,'2016-04-03 14:43:57','2016-04-03 14:43:57'),('e214','n128','n108','light',3,'2016-04-03 14:43:57','2016-04-03 14:43:57'),('e215','n114','n149','heavy',3,'2016-04-03 14:43:57','2016-04-03 14:43:57'),('e216','n109','n148','moderate',3,'2016-04-03 14:43:57','2016-04-03 14:43:57'),('e217','n150','n149','heavy',3,'2016-04-03 14:43:57','2016-04-03 14:43:57'),('e218','n118','n113','heavy',3,'2016-04-03 14:43:57','2016-04-03 14:43:57'),('e219','n115','n111','light',3,'2016-04-03 14:43:57','2016-04-03 14:43:57'),('e22','n25','n27','heavy',1,'2016-04-03 14:43:57','2016-04-03 14:43:57'),('e220','n136','n119','heavy',3,'2016-04-03 14:43:57','2016-04-03 14:43:57'),('e221','n143','n130','moderate',3,'2016-04-03 14:43:57','2016-04-03 14:43:57'),('e222','n141','n138','light',3,'2016-04-03 14:43:57','2016-04-03 14:43:57'),('e223','n118','n138','light',3,'2016-04-03 14:43:57','2016-04-03 14:43:57'),('e224','n118','n135','moderate',3,'2016-04-03 14:43:57','2016-04-03 14:43:57'),('e225','n154','n181','heavy',4,'2016-04-03 14:43:57','2016-04-03 14:43:57'),('e226','n182','n185','heavy',4,'2016-04-03 14:43:57','2016-04-03 14:43:57'),('e227','n200','n170','light',4,'2016-04-03 14:43:57','2016-04-03 14:43:57'),('e228','n174','n188','light',4,'2016-04-03 14:43:57','2016-04-03 14:43:57'),('e229','n200','n160','heavy',4,'2016-04-03 14:43:57','2016-04-03 14:43:57'),('e23','n12','n49','moderate',1,'2016-04-03 14:43:57','2016-04-03 14:43:57'),('e230','n161','n180','moderate',4,'2016-04-03 14:43:57','2016-04-03 14:43:57'),('e231','n187','n178','light',4,'2016-04-03 14:43:57','2016-04-03 14:43:57'),('e232','n179','n162','moderate',4,'2016-04-03 14:43:57','2016-04-03 14:43:57'),('e233','n152','n194','light',4,'2016-04-03 14:43:57','2016-04-03 14:43:57'),('e234','n199','n171','moderate',4,'2016-04-03 14:43:57','2016-04-03 14:43:57'),('e235','n153','n174','moderate',4,'2016-04-03 14:43:57','2016-04-03 14:43:57'),('e236','n199','n162','light',4,'2016-04-03 14:43:57','2016-04-03 14:43:57'),('e237','n188','n172','moderate',4,'2016-04-03 14:43:57','2016-04-03 14:43:57'),('e238','n168','n200','light',4,'2016-04-03 14:43:57','2016-04-03 14:43:57'),('e239','n190','n194','light',4,'2016-04-03 14:43:57','2016-04-03 14:43:57'),('e24','n2','n41','light',1,'2016-04-03 14:43:57','2016-04-03 14:43:57'),('e240','n157','n195','moderate',4,'2016-04-03 14:43:57','2016-04-03 14:43:57'),('e241','n180','n192','light',4,'2016-04-03 14:43:57','2016-04-03 14:43:57'),('e242','n168','n151','light',4,'2016-04-03 14:43:57','2016-04-03 14:43:57'),('e243','n168','n166','light',4,'2016-04-03 14:43:57','2016-04-03 14:43:57'),('e244','n194','n197','heavy',4,'2016-04-03 14:43:57','2016-04-03 14:43:57'),('e245','n177','n186','moderate',4,'2016-04-03 14:43:57','2016-04-03 14:43:57'),('e246','n167','n184','moderate',4,'2016-04-03 14:43:57','2016-04-03 14:43:57'),('e247','n168','n198','heavy',4,'2016-04-03 14:43:57','2016-04-03 14:43:57'),('e248','n184','n157','light',4,'2016-04-03 14:43:57','2016-04-03 14:43:57'),('e249','n151','n189','moderate',4,'2016-04-03 14:43:57','2016-04-03 14:43:57'),('e25','n38','n35','heavy',1,'2016-04-03 14:43:57','2016-04-03 14:43:57'),('e250','n160','n171','moderate',4,'2016-04-03 14:43:57','2016-04-03 14:43:57'),('e251','n169','n164','heavy',4,'2016-04-03 14:43:57','2016-04-03 14:43:57'),('e252','n161','n177','heavy',4,'2016-04-03 14:43:57','2016-04-03 14:43:57'),('e253','n172','n183','heavy',4,'2016-04-03 14:43:57','2016-04-03 14:43:57'),('e254','n198','n197','light',4,'2016-04-03 14:43:57','2016-04-03 14:43:57'),('e255','n160','n179','moderate',4,'2016-04-03 14:43:57','2016-04-03 14:43:57'),('e256','n188','n153','light',4,'2016-04-03 14:43:57','2016-04-03 14:43:57'),('e257','n177','n193','heavy',4,'2016-04-03 14:43:57','2016-04-03 14:43:57'),('e258','n161','n162','heavy',4,'2016-04-03 14:43:57','2016-04-03 14:43:57'),('e259','n166','n173','heavy',4,'2016-04-03 14:43:57','2016-04-03 14:43:57'),('e26','n8','n20','light',1,'2016-04-03 14:43:57','2016-04-03 14:43:57'),('e260','n175','n153','moderate',4,'2016-04-03 14:43:57','2016-04-03 14:43:57'),('e261','n154','n176','light',4,'2016-04-03 14:43:57','2016-04-03 14:43:57'),('e262','n184','n166','light',4,'2016-04-03 14:43:57','2016-04-03 14:43:57'),('e263','n178','n169','moderate',4,'2016-04-03 14:43:57','2016-04-03 14:43:57'),('e264','n171','n167','light',4,'2016-04-03 14:43:57','2016-04-03 14:43:57'),('e265','n188','n172','moderate',4,'2016-04-03 14:43:57','2016-04-03 14:43:57'),('e266','n195','n165','light',4,'2016-04-03 14:43:57','2016-04-03 14:43:57'),('e267','n177','n195','light',4,'2016-04-03 14:43:57','2016-04-03 14:43:57'),('e268','n187','n183','heavy',4,'2016-04-03 14:43:57','2016-04-03 14:43:57'),('e269','n182','n179','heavy',4,'2016-04-03 14:43:57','2016-04-03 14:43:57'),('e27','n3','n45','light',1,'2016-04-03 14:43:57','2016-04-03 14:43:57'),('e270','n197','n169','light',4,'2016-04-03 14:43:57','2016-04-03 14:43:57'),('e271','n157','n173','moderate',4,'2016-04-03 14:43:57','2016-04-03 14:43:57'),('e272','n186','n173','moderate',4,'2016-04-03 14:43:57','2016-04-03 14:43:57'),('e273','n186','n184','light',4,'2016-04-03 14:43:57','2016-04-03 14:43:57'),('e274','n161','n170','moderate',4,'2016-04-03 14:43:57','2016-04-03 14:43:57'),('e275','n166','n193','heavy',4,'2016-04-03 14:43:57','2016-04-03 14:43:57'),('e276','n193','n160','heavy',4,'2016-04-03 14:43:57','2016-04-03 14:43:57'),('e277','n180','n187','moderate',4,'2016-04-03 14:43:57','2016-04-03 14:43:57'),('e278','n173','n166','moderate',4,'2016-04-03 14:43:57','2016-04-03 14:43:57'),('e279','n152','n156','light',4,'2016-04-03 14:43:57','2016-04-03 14:43:57'),('e28','n16','n26','light',1,'2016-04-03 14:43:57','2016-04-03 14:43:57'),('e280','n160','n175','moderate',4,'2016-04-03 14:43:57','2016-04-03 14:43:57'),('e281','n195','n157','moderate',4,'2016-04-03 14:43:57','2016-04-03 14:43:57'),('e282','n193','n172','light',4,'2016-04-03 14:43:57','2016-04-03 14:43:57'),('e283','n167','n154','light',4,'2016-04-03 14:43:57','2016-04-03 14:43:57'),('e284','n152','n157','moderate',4,'2016-04-03 14:43:57','2016-04-03 14:43:57'),('e285','n157','n151','light',4,'2016-04-03 14:43:57','2016-04-03 14:43:57'),('e286','n154','n200','moderate',4,'2016-04-03 14:43:57','2016-04-03 14:43:57'),('e287','n162','n163','light',4,'2016-04-03 14:43:57','2016-04-03 14:43:57'),('e288','n178','n199','moderate',4,'2016-04-03 14:43:57','2016-04-03 14:43:57'),('e289','n166','n154','heavy',4,'2016-04-03 14:43:57','2016-04-03 14:43:57'),('e29','n8','n42','heavy',1,'2016-04-03 14:43:57','2016-04-03 14:43:57'),('e290','n152','n184','moderate',4,'2016-04-03 14:43:57','2016-04-03 14:43:57'),('e291','n177','n176','heavy',4,'2016-04-03 14:43:57','2016-04-03 14:43:57'),('e292','n177','n173','heavy',4,'2016-04-03 14:43:57','2016-04-03 14:43:57'),('e293','n173','n172','light',4,'2016-04-03 14:43:57','2016-04-03 14:43:57'),('e294','n195','n166','heavy',4,'2016-04-03 14:43:57','2016-04-03 14:43:57'),('e295','n161','n196','moderate',4,'2016-04-03 14:43:57','2016-04-03 14:43:57'),('e296','n189','n173','heavy',4,'2016-04-03 14:43:57','2016-04-03 14:43:57'),('e297','n194','n175','heavy',4,'2016-04-03 14:43:57','2016-04-03 14:43:57'),('e298','n186','n187','light',4,'2016-04-03 14:43:57','2016-04-03 14:43:57'),('e299','n197','n169','heavy',4,'2016-04-03 14:43:57','2016-04-03 14:43:57'),('e3','n41','n47','light',1,'2016-04-03 14:43:57','2016-04-03 14:43:57'),('e30','n19','n1','moderate',1,'2016-04-03 14:43:57','2016-04-03 14:43:57'),('e31','n32','n23','heavy',1,'2016-04-03 14:43:57','2016-04-03 14:43:57'),('e32','n15','n20','light',1,'2016-04-03 14:43:57','2016-04-03 14:43:57'),('e33','n46','n24','heavy',1,'2016-04-03 14:43:57','2016-04-03 14:43:57'),('e34','n48','n22','heavy',1,'2016-04-03 14:43:57','2016-04-03 14:43:57'),('e35','n31','n19','light',1,'2016-04-03 14:43:57','2016-04-03 14:43:57'),('e36','n12','n29','light',1,'2016-04-03 14:43:57','2016-04-03 14:43:57'),('e37','n9','n1','moderate',1,'2016-04-03 14:43:57','2016-04-03 14:43:57'),('e38','n9','n46','light',1,'2016-04-03 14:43:57','2016-04-03 14:43:57'),('e39','n8','n6','moderate',1,'2016-04-03 14:43:57','2016-04-03 14:43:57'),('e4','n15','n13','light',1,'2016-04-03 14:43:57','2016-04-03 14:43:57'),('e40','n31','n3','light',1,'2016-04-03 14:43:57','2016-04-03 14:43:57'),('e41','n46','n28','heavy',1,'2016-04-03 14:43:57','2016-04-03 14:43:57'),('e42','n26','n23','moderate',1,'2016-04-03 14:43:57','2016-04-03 14:43:57'),('e43','n5','n35','heavy',1,'2016-04-03 14:43:57','2016-04-03 14:43:57'),('e44','n12','n40','moderate',1,'2016-04-03 14:43:57','2016-04-03 14:43:57'),('e45','n45','n32','light',1,'2016-04-03 14:43:57','2016-04-03 14:43:57'),('e46','n30','n14','moderate',1,'2016-04-03 14:43:57','2016-04-03 14:43:57'),('e47','n42','n19','moderate',1,'2016-04-03 14:43:57','2016-04-03 14:43:57'),('e48','n3','n32','heavy',1,'2016-04-03 14:43:57','2016-04-03 14:43:57'),('e49','n17','n41','heavy',1,'2016-04-03 14:43:57','2016-04-03 14:43:57'),('e5','n22','n30','moderate',1,'2016-04-03 14:43:57','2016-04-03 14:43:57'),('e50','n49','n48','moderate',1,'2016-04-03 14:43:57','2016-04-03 14:43:57'),('e51','n3','n35','moderate',1,'2016-04-03 14:43:57','2016-04-03 14:43:57'),('e52','n4','n48','heavy',1,'2016-04-03 14:43:57','2016-04-03 14:43:57'),('e53','n22','n50','moderate',1,'2016-04-03 14:43:57','2016-04-03 14:43:57'),('e54','n43','n5','moderate',1,'2016-04-03 14:43:57','2016-04-03 14:43:57'),('e55','n3','n1','heavy',1,'2016-04-03 14:43:57','2016-04-03 14:43:57'),('e56','n3','n19','light',1,'2016-04-03 14:43:57','2016-04-03 14:43:57'),('e57','n40','n21','light',1,'2016-04-03 14:43:57','2016-04-03 14:43:57'),('e58','n29','n23','moderate',1,'2016-04-03 14:43:57','2016-04-03 14:43:57'),('e59','n21','n8','moderate',1,'2016-04-03 14:43:57','2016-04-03 14:43:57'),('e6','n40','n17','heavy',1,'2016-04-03 14:43:57','2016-04-03 14:43:57'),('e60','n3','n17','heavy',1,'2016-04-03 14:43:57','2016-04-03 14:43:57'),('e61','n2','n24','moderate',1,'2016-04-03 14:43:57','2016-04-03 14:43:57'),('e62','n9','n33','light',1,'2016-04-03 14:43:57','2016-04-03 14:43:57'),('e63','n39','n20','moderate',1,'2016-04-03 14:43:57','2016-04-03 14:43:57'),('e64','n47','n10','heavy',1,'2016-04-03 14:43:57','2016-04-03 14:43:57'),('e65','n11','n29','heavy',1,'2016-04-03 14:43:57','2016-04-03 14:43:57'),('e66','n9','n15','heavy',1,'2016-04-03 14:43:57','2016-04-03 14:43:57'),('e67','n17','n12','heavy',1,'2016-04-03 14:43:57','2016-04-03 14:43:57'),('e68','n22','n33','heavy',1,'2016-04-03 14:43:57','2016-04-03 14:43:57'),('e69','n13','n23','heavy',1,'2016-04-03 14:43:57','2016-04-03 14:43:57'),('e7','n16','n8','light',1,'2016-04-03 14:43:57','2016-04-03 14:43:57'),('e70','n44','n47','heavy',1,'2016-04-03 14:43:57','2016-04-03 14:43:57'),('e71','n48','n35','heavy',1,'2016-04-03 14:43:57','2016-04-03 14:43:57'),('e72','n37','n23','light',1,'2016-04-03 14:43:57','2016-04-03 14:43:57'),('e73','n45','n33','heavy',1,'2016-04-03 14:43:57','2016-04-03 14:43:57'),('e74','n24','n21','moderate',1,'2016-04-03 14:43:57','2016-04-03 14:43:57'),('e75','n97','n66','moderate',2,'2016-04-03 14:43:57','2016-04-03 14:43:57'),('e76','n86','n58','moderate',2,'2016-04-03 14:43:57','2016-04-03 14:43:57'),('e77','n95','n84','moderate',2,'2016-04-03 14:43:57','2016-04-03 14:43:57'),('e78','n62','n61','moderate',2,'2016-04-03 14:43:57','2016-04-03 14:43:57'),('e79','n88','n69','moderate',2,'2016-04-03 14:43:57','2016-04-03 14:43:57'),('e8','n47','n13','moderate',1,'2016-04-03 14:43:57','2016-04-03 14:43:57'),('e80','n83','n88','moderate',2,'2016-04-03 14:43:57','2016-04-03 14:43:57'),('e81','n89','n54','heavy',2,'2016-04-03 14:43:57','2016-04-03 14:43:57'),('e82','n69','n55','moderate',2,'2016-04-03 14:43:57','2016-04-03 14:43:57'),('e83','n91','n73','moderate',2,'2016-04-03 14:43:57','2016-04-03 14:43:57'),('e84','n65','n94','heavy',2,'2016-04-03 14:43:57','2016-04-03 14:43:57'),('e85','n90','n78','moderate',2,'2016-04-03 14:43:57','2016-04-03 14:43:57'),('e86','n77','n66','heavy',2,'2016-04-03 14:43:57','2016-04-03 14:43:57'),('e87','n52','n93','light',2,'2016-04-03 14:43:57','2016-04-03 14:43:57'),('e88','n70','n100','light',2,'2016-04-03 14:43:57','2016-04-03 14:43:57'),('e89','n85','n98','moderate',2,'2016-04-03 14:43:57','2016-04-03 14:43:57'),('e9','n11','n50','light',1,'2016-04-03 14:43:57','2016-04-03 14:43:57'),('e90','n60','n86','light',2,'2016-04-03 14:43:57','2016-04-03 14:43:57'),('e91','n77','n96','moderate',2,'2016-04-03 14:43:57','2016-04-03 14:43:57'),('e92','n72','n100','light',2,'2016-04-03 14:43:57','2016-04-03 14:43:57'),('e93','n99','n77','moderate',2,'2016-04-03 14:43:57','2016-04-03 14:43:57'),('e94','n62','n57','light',2,'2016-04-03 14:43:57','2016-04-03 14:43:57'),('e95','n89','n84','light',2,'2016-04-03 14:43:57','2016-04-03 14:43:57'),('e96','n71','n60','heavy',2,'2016-04-03 14:43:57','2016-04-03 14:43:57'),('e97','n76','n79','heavy',2,'2016-04-03 14:43:57','2016-04-03 14:43:57'),('e98','n98','n58','light',2,'2016-04-03 14:43:57','2016-04-03 14:43:57'),('e99','n86','n76','moderate',2,'2016-04-03 14:43:57','2016-04-03 14:43:57');
/*!40000 ALTER TABLE `edges` ENABLE KEYS */;
UNLOCK TABLES;

--
-- Table structure for table `floors`
--

DROP TABLE IF EXISTS `floors`;
/*!40101 SET @saved_cs_client     = @@character_set_client */;
/*!40101 SET character_set_client = utf8 */;
CREATE TABLE `floors` (
  `floor_number` int(11) NOT NULL,
  `image` varchar(255) DEFAULT NULL,
  `createdAt` datetime NOT NULL,
  `updatedAt` datetime NOT NULL,
  PRIMARY KEY (`floor_number`)
) ENGINE=InnoDB DEFAULT CHARSET=utf8;
/*!40101 SET character_set_client = @saved_cs_client */;

--
-- Dumping data for table `floors`
--

LOCK TABLES `floors` WRITE;
/*!40000 ALTER TABLE `floors` DISABLE KEYS */;
INSERT INTO `floors` VALUES (1,'floorplan1','2016-04-03 14:43:57','2016-04-03 14:43:57'),(2,'floorplan2','2016-04-03 14:43:57','2016-04-03 14:43:57'),(3,'floorplan3','2016-04-03 14:43:57','2016-04-03 14:43:57'),(4,'floorplan4','2016-04-03 14:43:57','2016-04-03 14:43:57');
/*!40000 ALTER TABLE `floors` ENABLE KEYS */;
UNLOCK TABLES;

--
-- Table structure for table `nodes`
--

DROP TABLE IF EXISTS `nodes`;
/*!40101 SET @saved_cs_client     = @@character_set_client */;
/*!40101 SET character_set_client = utf8 */;
CREATE TABLE `nodes` (
  `node_id` varchar(255) NOT NULL,
  `label` varchar(255) DEFAULT NULL,
  `x` double DEFAULT NULL,
  `y` double DEFAULT NULL,
  `coordinate_set` tinyint(1) DEFAULT '0',
  `sensor_type` varchar(255) DEFAULT NULL,
  `mac_address` varchar(255) DEFAULT NULL,
  `last_transmission` varchar(255) DEFAULT NULL,
  `packets_sent` int(11) DEFAULT NULL,
  `packets_received` int(11) DEFAULT NULL,
  `floor_number` int(11) DEFAULT NULL,
  `createdAt` datetime NOT NULL,
  `updatedAt` datetime NOT NULL,
  PRIMARY KEY (`node_id`)
) ENGINE=InnoDB DEFAULT CHARSET=utf8;
/*!40101 SET character_set_client = @saved_cs_client */;

--
-- Dumping data for table `nodes`
--

LOCK TABLES `nodes` WRITE;
/*!40000 ALTER TABLE `nodes` DISABLE KEYS */;
INSERT INTO `nodes` VALUES ('n1','Node1',300.17915393804947,178.96989888368915,1,'Pressure','84-8C-FD-DE-24-AC','jrhf72e29',86,15,1,'2016-04-03 14:43:57','2016-04-03 14:43:57'),('n10','Node10',307.19125987007203,141.07536566913666,1,'Humidity','3C-8C-BD-6B-AE-22','upmkxd2t9',70,74,1,'2016-04-03 14:43:57','2016-04-03 14:43:57'),('n100','Node100',443.59207016550124,93.41093001745952,1,'Humidity','56-C6-26-8D-02-DC','airtnvcxr',18,27,2,'2016-04-03 14:43:57','2016-04-03 14:43:57'),('n101','Node101',102.60622978454737,187.29547986763274,1,'Humidity','DD-70-C5-9B-D0-41','d92bqllq5mi',88,90,3,'2016-04-03 14:43:57','2016-04-03 14:43:57'),('n102','Node102',316.32543763531794,293.5617638848258,1,'Humidity','84-8C-FD-DE-24-AC','3k0qbwvzpvi',57,4,3,'2016-04-03 14:43:57','2016-04-03 14:43:57'),('n103','Node103',186.3398309413715,96.7830769395118,1,'Temperature','56-C6-26-8D-02-DC','okrgvsoflxr',70,36,3,'2016-04-03 14:43:57','2016-04-03 14:43:57'),('n104','Node104',586.4112907902118,336.39430823302405,1,'Pressure','3C-8C-BD-6B-AE-22','zewn60z4cxr',53,69,3,'2016-04-03 14:43:57','2016-04-03 14:43:57'),('n105','Node105',404.8263097931679,170.20486185758818,1,'Pressure','69-81-38-8F-58-AC','od5fctk2o6r',29,0,3,'2016-04-03 14:43:57','2016-04-03 14:43:57'),('n106','Node106',440.2539743971039,304.26508529465656,1,'Humidity','3C-8C-BD-6B-AE-22','27d57ki6bt9',30,5,3,'2016-04-03 14:43:57','2016-04-03 14:43:57'),('n107','Node107',362.6336458802035,341.67787767852576,1,'Pressure','D7-74-55-47-AB-07','vwrerz77gb9',91,67,3,'2016-04-03 14:43:57','2016-04-03 14:43:57'),('n108','Node108',281.86701247463304,188.1419734362596,1,'Humidity','D7-74-55-47-AB-07','nxdcafnipb9',63,59,3,'2016-04-03 14:43:57','2016-04-03 14:43:57'),('n109','Node109',515.8639142105151,184.71063564771117,1,'Light Intensity','69-81-38-8F-58-AC','lt7ld56ogvi',44,9,3,'2016-04-03 14:43:57','2016-04-03 14:43:57'),('n11','Node11',499.8162417466026,214.09164822211048,1,'Pressure','DD-70-C5-9B-D0-41','6j0mqcfecdi',76,5,1,'2016-04-03 14:43:57','2016-04-03 14:43:57'),('n110','Node110',398.8948050820823,200.09960130023148,1,'Temperature','D7-74-55-47-AB-07','32bsvan61or',6,29,3,'2016-04-03 14:43:57','2016-04-03 14:43:57'),('n111','Node111',498.4712051703584,274.4805699861448,1,'Light Intensity','F3-EA-61-C5-E9-CC','9aewtmaemi',0,4,3,'2016-04-03 14:43:57','2016-04-03 14:43:57'),('n112','Node112',106.5323000939157,234.19570514067829,1,'Humidity','99-E6-96-AA-A1-33','2xq656rbe29',93,74,3,'2016-04-03 14:43:57','2016-04-03 14:43:57'),('n113','Node113',150.23553612879414,323.75839101864733,1,'Humidity','84-8C-FD-DE-24-AC','8zl2zsn61or',22,19,3,'2016-04-03 14:43:57','2016-04-03 14:43:57'),('n114','Node114',572.4785895668175,156.28816557252546,1,'Pressure','DD-61-A3-D8-F9-C6','i0toszwipb9',20,0,3,'2016-04-03 14:43:57','2016-04-03 14:43:57'),('n115','Node115',526.9992315275504,246.51995581846757,1,'Temperature','DD-70-C5-9B-D0-41','u89mcn2ke29',44,73,3,'2016-04-03 14:43:57','2016-04-03 14:43:57'),('n116','Node116',501.1233388835634,84.67121266158557,1,'Temperature','69-81-38-8F-58-AC','xwhe0j2a9k9',47,66,3,'2016-04-03 14:43:57','2016-04-03 14:43:57'),('n117','Node117',225.2574368011454,306.26883644396065,1,'Light Intensity','DD-61-A3-D8-F9-C6','erfgt0ara4i',8,39,3,'2016-04-03 14:43:57','2016-04-03 14:43:57'),('n118','Node118',491.0978678447381,343.6034366391994,1,'Light Intensity','F3-EA-61-C5-E9-CC','twcmxkzkt9',4,51,3,'2016-04-03 14:43:57','2016-04-03 14:43:57'),('n119','Node119',NULL,NULL,0,'Light Intensity','56-C6-26-8D-02-DC','4gbvyj5rk9',55,67,3,'2016-04-03 14:43:57','2016-04-03 14:43:57'),('n12','Node12',319.4673058614409,292.98276915797965,1,'Temperature','F3-EA-61-C5-E9-CC','7q5ldydgqfr',67,19,1,'2016-04-03 14:43:57','2016-04-03 14:43:57'),('n120','Node120',283.7016377376329,238.2586739565004,1,'Pressure','F3-EA-61-C5-E9-CC','szaw83q5mi',9,84,3,'2016-04-03 14:43:57','2016-04-03 14:43:57'),('n121','Node121',486.14881941341713,190.10600828110782,1,'Temperature','DD-61-A3-D8-F9-C6','8dfztvb1emi',73,51,3,'2016-04-03 14:43:57','2016-04-03 14:43:57'),('n122','Node122',592.038911616544,247.1795648928634,1,'Light Intensity','56-C6-26-8D-02-DC','s2c41ckgldi',96,3,3,'2016-04-03 14:43:57','2016-04-03 14:43:57'),('n123','Node123',601.5105237146346,112.81865830821694,1,'Pressure','56-C6-26-8D-02-DC','rlnp9b8d7vi',72,76,3,'2016-04-03 14:43:57','2016-04-03 14:43:57'),('n124','Node124',400.4704558911564,259.53365347218954,1,'Humidity','56-C6-26-8D-02-DC','fmo8vj3v7vi',97,30,3,'2016-04-03 14:43:57','2016-04-03 14:43:57'),('n125','Node125',699.6488499759632,116.47563481393789,1,'Temperature','3C-8C-BD-6B-AE-22','yfvhykqpvi',14,92,3,'2016-04-03 14:43:57','2016-04-03 14:43:57'),('n126','Node126',251.65261256448002,332.8633069838116,1,'Pressure','56-C6-26-8D-02-DC','4q3b10dx6r',24,99,3,'2016-04-03 14:43:57','2016-04-03 14:43:57'),('n127','Node127',367.01871862262146,137.46765724434465,1,'Humidity','DD-70-C5-9B-D0-41','udflwi5dn29',58,61,3,'2016-04-03 14:43:57','2016-04-03 14:43:57'),('n128','Node128',270.9884216106787,134.10551965910062,1,'Temperature','D7-74-55-47-AB-07','6imik40lik9',81,49,3,'2016-04-03 14:43:57','2016-04-03 14:43:57'),('n129','Node129',263.1815446955913,89.61932158942452,1,'Pressure','F3-EA-61-C5-E9-CC','zikyjfqd7vi',64,2,3,'2016-04-03 14:43:57','2016-04-03 14:43:57'),('n13','Node13',429.3714709971103,159.32641221414374,1,'Pressure','DD-61-A3-D8-F9-C6','racpj76tj4i',69,49,1,'2016-04-03 14:43:57','2016-04-03 14:43:57'),('n130','Node130',93.77815812454378,117.99146298532463,1,'Light Intensity','69-81-38-8F-58-AC','m25s1owp14i',26,57,3,'2016-04-03 14:43:57','2016-04-03 14:43:57'),('n131','Node131',445.4597441949501,245.5956485577888,1,'Light Intensity','D7-74-55-47-AB-07','ksia456ogvi',4,56,3,'2016-04-03 14:43:57','2016-04-03 14:43:57'),('n132','Node132',559.7697994506746,299.06474554137725,1,'Humidity','D7-74-55-47-AB-07','71vcafnipb9',75,73,3,'2016-04-03 14:43:57','2016-04-03 14:43:57'),('n133','Node133',539.6843474813536,136.70977083913525,1,'Light Intensity','DD-61-A3-D8-F9-C6','5iia5x9a4i',91,13,3,'2016-04-03 14:43:57','2016-04-03 14:43:57'),('n134','Node134',96.03837270051736,298.86240365803803,1,'Temperature','84-8C-FD-DE-24-AC','308km4pldi',53,0,3,'2016-04-03 14:43:57','2016-04-03 14:43:57'),('n135','Node135',695.6312895095805,245.6395381326798,1,'Light Intensity','69-81-38-8F-58-AC','tmpygfirudi',37,24,3,'2016-04-03 14:43:57','2016-04-03 14:43:57'),('n136','Node136',702.6689650889693,80.46863918883375,1,'Light Intensity','F3-EA-61-C5-E9-CC','fc6qci8uxr',21,89,3,'2016-04-03 14:43:57','2016-04-03 14:43:57'),('n137','Node137',442.7431265585067,157.4168141430983,1,'Temperature','3C-8C-BD-6B-AE-22','g8yonoecdi',69,18,3,'2016-04-03 14:43:57','2016-04-03 14:43:57'),('n138','Node138',469.7289726424812,118.552867948808,1,'Humidity','DD-61-A3-D8-F9-C6','v4vcepfd2t9',55,47,3,'2016-04-03 14:43:57','2016-04-03 14:43:57'),('n139','Node139',482.2063481761723,103.0663329999494,1,'Temperature','69-81-38-8F-58-AC','7y8weyrdx6r',21,69,3,'2016-04-03 14:43:57','2016-04-03 14:43:57'),('n14','Node14',508.62155062081797,322.52178502276945,1,'Humidity','69-81-38-8F-58-AC','8gxk4lyds4i',37,68,1,'2016-04-03 14:43:57','2016-04-03 14:43:57'),('n140','Node140',468.14870450714454,217.3163011958407,1,'Light Intensity','F3-EA-61-C5-E9-CC','fi2e53ik9',69,19,3,'2016-04-03 14:43:57','2016-04-03 14:43:57'),('n141','Node141',370.50196298856343,93.44619458539833,1,'Light Intensity','D7-74-55-47-AB-07','uzdodrq9f6r',35,62,3,'2016-04-03 14:43:57','2016-04-03 14:43:57'),('n142','Node142',196.02355417631503,260.9714217392157,1,'Humidity','DD-61-A3-D8-F9-C6','mmp9o83erk9',20,19,3,'2016-04-03 14:43:57','2016-04-03 14:43:57'),('n143','Node143',178.5799492925974,203.87878525641364,1,'Pressure','99-E6-96-AA-A1-33','32f67f7ds4i',80,72,3,'2016-04-03 14:43:57','2016-04-03 14:43:57'),('n144','Node144',186.6652189985208,163.32689320684466,1,'Pressure','D7-74-55-47-AB-07','2zgookfn7b9',60,60,3,'2016-04-03 14:43:57','2016-04-03 14:43:57'),('n145','Node145',604.3464745955796,78.85950336536206,1,'Light Intensity','DD-61-A3-D8-F9-C6','2kk7arwwmi',62,82,3,'2016-04-03 14:43:57','2016-04-03 14:43:57'),('n146','Node146',699.2276216607524,165.05802156246548,1,'Temperature','DD-70-C5-9B-D0-41','e6nz96n7b9',79,60,3,'2016-04-03 14:43:57','2016-04-03 14:43:57'),('n147','Node147',360.42322889680247,215.18694925187714,1,'Pressure','DD-70-C5-9B-D0-41','e06i6b3mcxr',95,30,3,'2016-04-03 14:43:57','2016-04-03 14:43:57'),('n148','Node148',677.8466834763437,289.0388229532822,1,'Humidity','D7-74-55-47-AB-07','puu88gaxlxr',11,83,3,'2016-04-03 14:43:57','2016-04-03 14:43:57'),('n149','Node149',568.0275501629662,183.36642782666505,1,'Humidity','69-81-38-8F-58-AC','fjoi3mzpvi',42,79,3,'2016-04-03 14:43:57','2016-04-03 14:43:57'),('n15','Node15',422.46884629424983,190.3424940934246,1,'Temperature','84-8C-FD-DE-24-AC','w89z7k9ms4i',63,84,1,'2016-04-03 14:43:57','2016-04-03 14:43:57'),('n150','Node150',692.4450456901111,205.45727733651023,1,'Light Intensity','99-E6-96-AA-A1-33','oxdtqccjtt9',17,96,3,'2016-04-03 14:43:57','2016-04-03 14:43:57'),('n151','Node151',437.0150264460984,203.29116933333987,1,'Temperature','99-E6-96-AA-A1-33','pewnqumcxr',28,51,4,'2016-04-03 14:43:57','2016-04-03 14:43:57'),('n152','Node152',416.54740918291265,253.49019118745034,1,'Temperature','84-8C-FD-DE-24-AC','zxcdptx1or',27,78,4,'2016-04-03 14:43:57','2016-04-03 14:43:57'),('n153','Node153',600.3628231131587,183.82337497270936,1,'Light Intensity','F3-EA-61-C5-E9-CC','po315rk9',74,80,4,'2016-04-03 14:43:57','2016-04-03 14:43:57'),('n154','Node154',538.466825138465,278.43513913127777,1,'Temperature','F3-EA-61-C5-E9-CC','gwve06yldi',74,78,4,'2016-04-03 14:43:57','2016-04-03 14:43:57'),('n155','Node155',563.5152731545248,141.32517914902428,1,'Humidity','56-C6-26-8D-02-DC','olk4g2xzuxr',5,55,4,'2016-04-03 14:43:57','2016-04-03 14:43:57'),('n156','Node156',421.5329993425565,276.74964467885303,1,'Humidity','84-8C-FD-DE-24-AC','84xbdl5wmi',17,71,4,'2016-04-03 14:43:57','2016-04-03 14:43:57'),('n157','Node157',550.9300767454105,268.444868203552,1,'Temperature','69-81-38-8F-58-AC','jibo7gmn29',58,45,4,'2016-04-03 14:43:57','2016-04-03 14:43:57'),('n158','Node158',654.2622801002047,299.4123128508142,1,'Temperature','56-C6-26-8D-02-DC','bsn8bdo0f6r',0,71,4,'2016-04-03 14:43:57','2016-04-03 14:43:57'),('n159','Node159',496.6059589685959,315.4815339213413,1,'Pressure','56-C6-26-8D-02-DC','ak8hsuzyqfr',12,79,4,'2016-04-03 14:43:57','2016-04-03 14:43:57'),('n16','Node16',560.2744043976903,210.2513541127623,1,'Light Intensity','DD-70-C5-9B-D0-41','4gn8tj7cik9',76,41,1,'2016-04-03 14:43:57','2016-04-03 14:43:57'),('n160','Node160',407.96012011313604,185.5483833193293,1,'Light Intensity','DD-70-C5-9B-D0-41','wyjot4vx6r',92,88,4,'2016-04-03 14:43:57','2016-04-03 14:43:57'),('n161','Node161',575.4783139621164,93.7779511038703,1,'Temperature','99-E6-96-AA-A1-33','yj7y1u4n29',99,89,4,'2016-04-03 14:43:57','2016-04-03 14:43:57'),('n162','Node162',189.19754066280152,76.21425704054514,1,'Pressure','DD-61-A3-D8-F9-C6','fupy8llq5mi',14,20,4,'2016-04-03 14:43:57','2016-04-03 14:43:57'),('n163','Node163',231.8726614843764,122.74182422966645,1,'Temperature','DD-70-C5-9B-D0-41','iu0oa1w0zfr',48,60,4,'2016-04-03 14:43:57','2016-04-03 14:43:57'),('n164','Node164',209.14415136123475,212.52992956443012,1,'Temperature','69-81-38-8F-58-AC','s9c0nyu8fr',97,59,4,'2016-04-03 14:43:57','2016-04-03 14:43:57'),('n165','Node165',537.865149018252,223.1829320436287,1,'Temperature','84-8C-FD-DE-24-AC','lms560z4cxr',11,32,4,'2016-04-03 14:43:57','2016-04-03 14:43:57'),('n166','Node166',737.718831572496,184.54861110659382,1,'Temperature','69-81-38-8F-58-AC','wyqd2w3ik9',52,32,4,'2016-04-03 14:43:57','2016-04-03 14:43:57'),('n167','Node167',607.1201116993145,268.6616453772317,1,'Humidity','84-8C-FD-DE-24-AC','vfeolzvvx6r',49,47,4,'2016-04-03 14:43:57','2016-04-03 14:43:57'),('n168','Node168',410.01513951784005,227.96173862415503,1,'Light Intensity','84-8C-FD-DE-24-AC','o8k9g722o6r',89,60,4,'2016-04-03 14:43:57','2016-04-03 14:43:57'),('n169','Node169',186.97776913032513,271.15452630718846,1,'Pressure','69-81-38-8F-58-AC','idzb8i79zfr',25,12,4,'2016-04-03 14:43:57','2016-04-03 14:43:57'),('n17','Node17',384.11524387391404,134.60884594555145,1,'Light Intensity','D7-74-55-47-AB-07','f13jc6xn7b9',88,35,1,'2016-04-03 14:43:57','2016-04-03 14:43:57'),('n170','Node170',501.54452847318225,97.15185907765814,1,'Pressure','3C-8C-BD-6B-AE-22','o0sq3l680k9',83,16,4,'2016-04-03 14:43:57','2016-04-03 14:43:57'),('n171','Node171',310.7628998285662,343.0940663229426,1,'Humidity','DD-70-C5-9B-D0-41','txp03haor',67,90,4,'2016-04-03 14:43:57','2016-04-03 14:43:57'),('n172','Node172',427.26455536564623,169.62871736115665,1,'Humidity','69-81-38-8F-58-AC','wxuxsyh9f6r',60,33,4,'2016-04-03 14:43:57','2016-04-03 14:43:57'),('n173','Node173',462.8515921499361,145.49802901361764,1,'Temperature','69-81-38-8F-58-AC','p2fipj2x1or',13,55,4,'2016-04-03 14:43:57','2016-04-03 14:43:57'),('n174','Node174',661.1800976983536,191.66817591522056,1,'Light Intensity','3C-8C-BD-6B-AE-22','herqkgfogvi',37,66,4,'2016-04-03 14:43:57','2016-04-03 14:43:57'),('n175','Node175',334.13582968398197,230.48113017914895,1,'Pressure','84-8C-FD-DE-24-AC','eayn4uz0k9',76,85,4,'2016-04-03 14:43:57','2016-04-03 14:43:57'),('n176','Node176',675.1215374925846,84.2900314392705,1,'Light Intensity','DD-70-C5-9B-D0-41','8jx1aif6r',12,25,4,'2016-04-03 14:43:57','2016-04-03 14:43:57'),('n177','Node177',672.5033232145106,231.76386815091112,1,'Humidity','DD-70-C5-9B-D0-41','ej4oo9r7ldi',88,11,4,'2016-04-03 14:43:57','2016-04-03 14:43:57'),('n178','Node178',104.79854383942563,284.39187311416043,1,'Humidity','69-81-38-8F-58-AC','ro8wn5hr529',55,20,4,'2016-04-03 14:43:57','2016-04-03 14:43:57'),('n179','Node179',308.1332853186719,150.88479631452887,1,'Light Intensity','DD-70-C5-9B-D0-41','m1o3q96n7b9',23,74,4,'2016-04-03 14:43:57','2016-04-03 14:43:57'),('n18','Node18',133.27894576329976,245.2438650191279,1,'Humidity','84-8C-FD-DE-24-AC','kdmh5qrrudi',1,8,1,'2016-04-03 14:43:57','2016-04-03 14:43:57'),('n180','Node180',87.51056002105068,181.82019844173163,1,'Pressure','99-E6-96-AA-A1-33','xpbvk46ajor',26,79,4,'2016-04-03 14:43:57','2016-04-03 14:43:57'),('n181','Node181',573.3996984994046,349.91893242127344,1,'Pressure','DD-61-A3-D8-F9-C6','yexc68q6w29',0,75,4,'2016-04-03 14:43:57','2016-04-03 14:43:57'),('n182','Node182',350.2307069805374,96.00664689237087,1,'Light Intensity','3C-8C-BD-6B-AE-22','u2dk52buik9',54,24,4,'2016-04-03 14:43:57','2016-04-03 14:43:57'),('n183','Node183',105.01475328341931,78.65123706441346,1,'Light Intensity','DD-70-C5-9B-D0-41','iorclb7f1or',15,60,4,'2016-04-03 14:43:57','2016-04-03 14:43:57'),('n184','Node184',733.1099539522716,274.23003610949996,1,'Pressure','3C-8C-BD-6B-AE-22','oco3gadobt9',4,68,4,'2016-04-03 14:43:57','2016-04-03 14:43:57'),('n185','Node185',390.1300977749806,145.75048776274807,1,'Humidity','F3-EA-61-C5-E9-CC','pdtdr1cerk9',4,76,4,'2016-04-03 14:43:57','2016-04-03 14:43:57'),('n186','Node186',539.7455084884268,189.1433523581483,1,'Light Intensity','DD-70-C5-9B-D0-41','7xxvkg9zfr',5,40,4,'2016-04-03 14:43:57','2016-04-03 14:43:57'),('n187','Node187',75.70651516707528,125.78416987637155,1,'Humidity','F3-EA-61-C5-E9-CC','m994tcmzpvi',9,75,4,'2016-04-03 14:43:57','2016-04-03 14:43:57'),('n188','Node188',145.08607910404334,144.08323738390834,1,'Temperature','3C-8C-BD-6B-AE-22','pv4a8r27qfr',71,4,4,'2016-04-03 14:43:57','2016-04-03 14:43:57'),('n189','Node189',424.7009195991442,86.33463346905341,1,'Temperature','D7-74-55-47-AB-07','s8f1q69a4i',41,96,4,'2016-04-03 14:43:57','2016-04-03 14:43:57'),('n19','Node19',225.9948450931841,349.497597574215,1,'Light Intensity','99-E6-96-AA-A1-33','bfxu56zuxr',48,13,1,'2016-04-03 14:43:57','2016-04-03 14:43:57'),('n190','Node190',222.66256201411375,313.07303739081965,1,'Humidity','F3-EA-61-C5-E9-CC','acb87vnp14i',98,35,4,'2016-04-03 14:43:57','2016-04-03 14:43:57'),('n191','Node191',380.4837953093972,305.52862983950456,1,'Pressure','69-81-38-8F-58-AC','jpiyqh69a4i',94,47,4,'2016-04-03 14:43:57','2016-04-03 14:43:57'),('n192','Node192',115.68267404367847,230.64272151320958,1,'Light Intensity','3C-8C-BD-6B-AE-22','3t9q92dfgvi',78,75,4,'2016-04-03 14:43:57','2016-04-03 14:43:57'),('n193','Node193',732.9734743971195,332.4021610884077,1,'Light Intensity','3C-8C-BD-6B-AE-22','ukekw5ng66r',63,71,4,'2016-04-03 14:43:57','2016-04-03 14:43:57'),('n194','Node194',290.2559778970225,246.3261656833547,1,'Pressure','3C-8C-BD-6B-AE-22','dx4036m9529',48,81,4,'2016-04-03 14:43:57','2016-04-03 14:43:57'),('n195','Node195',439.7784095499096,357.80847331315886,1,'Temperature','69-81-38-8F-58-AC','9oa1hlzyqfr',81,15,4,'2016-04-03 14:43:57','2016-04-03 14:43:57'),('n196','Node196',686.5247683551495,114.16772490049584,1,'Light Intensity','84-8C-FD-DE-24-AC','olohto6r',98,83,4,'2016-04-03 14:43:57','2016-04-03 14:43:57'),('n197','Node197',198.5846915466215,158.65774196411894,1,'Humidity','DD-70-C5-9B-D0-41','dck2g00ms4i',90,60,4,'2016-04-03 14:43:57','2016-04-03 14:43:57'),('n198','Node198',314.8831184514998,200.78322481530242,1,'Temperature','D7-74-55-47-AB-07','re51gvnp14i',18,2,4,'2016-04-03 14:43:57','2016-04-03 14:43:57'),('n199','Node199',144.446513844993,337.68983036264876,1,'Light Intensity','84-8C-FD-DE-24-AC','0gx3j4w8kt9',59,96,4,'2016-04-03 14:43:57','2016-04-03 14:43:57'),('n2','Node2',674.9747659143352,217.6879979421327,1,'Light Intensity','69-81-38-8F-58-AC','as9py14i',76,81,1,'2016-04-03 14:43:57','2016-04-03 14:43:57'),('n20','Node20',578.476262453041,70.81782737889498,1,'Light Intensity','69-81-38-8F-58-AC','xbdnkejc3di',39,6,1,'2016-04-03 14:43:57','2016-04-03 14:43:57'),('n200','Node200',509.0449001317254,154.08087767620512,1,'Humidity','69-81-38-8F-58-AC','27458tcsor',47,13,4,'2016-04-03 14:43:57','2016-04-03 14:43:57'),('n21','Node21',135.63388077334486,326.31947662143966,1,'Temperature','DD-70-C5-9B-D0-41','6k03rspp66r',97,14,1,'2016-04-03 14:43:57','2016-04-03 14:43:57'),('n22','Node22',430.196728611619,112.28655409560173,1,'Pressure','3C-8C-BD-6B-AE-22','p3hpgjsjor',37,88,1,'2016-04-03 14:43:57','2016-04-03 14:43:57'),('n23','Node23',505.11055757972287,128.991684051647,1,'Temperature','DD-61-A3-D8-F9-C6','thqzzn6ogvi',21,59,1,'2016-04-03 14:43:57','2016-04-03 14:43:57'),('n24','Node24',430.16722351515756,327.9716738302826,1,'Humidity','F3-EA-61-C5-E9-CC','3k6057y14i',62,3,1,'2016-04-03 14:43:57','2016-04-03 14:43:57'),('n25','Node25',568.3132237064231,242.64093722766106,1,'Light Intensity','D7-74-55-47-AB-07','g2s17tlnmi',36,32,1,'2016-04-03 14:43:57','2016-04-03 14:43:57'),('n26','Node26',514.9627030181958,170.6104746424066,1,'Temperature','99-E6-96-AA-A1-33','c86a7rgrpb9',32,97,1,'2016-04-03 14:43:57','2016-04-03 14:43:57'),('n27','Node27',664.3126630620641,249.6616826791389,1,'Light Intensity','3C-8C-BD-6B-AE-22','lcz3mrvygb9',23,91,1,'2016-04-03 14:43:57','2016-04-03 14:43:57'),('n28','Node28',428.11518212854423,233.72634249291724,1,'Humidity','69-81-38-8F-58-AC','6yan2b4vx6r',81,30,1,'2016-04-03 14:43:57','2016-04-03 14:43:57'),('n29','Node29',341.3831044257629,240.83589247983593,1,'Pressure','3C-8C-BD-6B-AE-22','z9hpnhoajor',36,28,1,'2016-04-03 14:43:57','2016-04-03 14:43:57'),('n3','Node3',216.5047917428796,273.3084201327058,1,'Light Intensity','69-81-38-8F-58-AC','ax7p66r',93,73,1,'2016-04-03 14:43:57','2016-04-03 14:43:57'),('n30','Node30',399.4022191757827,234.79302900887856,1,'Humidity','56-C6-26-8D-02-DC','r3178f72e29',86,94,1,'2016-04-03 14:43:57','2016-04-03 14:43:57'),('n31','Node31',240.9908726125608,217.21914454510562,1,'Light Intensity','DD-61-A3-D8-F9-C6','3u7bm64unmi',13,7,1,'2016-04-03 14:43:57','2016-04-03 14:43:57'),('n32','Node32',470.37110687820075,167.4814752831023,1,'Humidity','3C-8C-BD-6B-AE-22','vn3a8pmygb9',73,19,1,'2016-04-03 14:43:57','2016-04-03 14:43:57'),('n33','Node33',340.82580267118794,119.09096858607495,1,'Humidity','84-8C-FD-DE-24-AC','pqtxz5b3xr',10,6,1,'2016-04-03 14:43:57','2016-04-03 14:43:57'),('n34','Node34',392.7666918315992,91.32289144057863,1,'Pressure','F3-EA-61-C5-E9-CC','h2rbervn29',43,52,1,'2016-04-03 14:43:57','2016-04-03 14:43:57'),('n35','Node35',107.65226113435949,188.10702055232645,1,'Humidity','84-8C-FD-DE-24-AC','d6r1k29y66r',15,79,1,'2016-04-03 14:43:57','2016-04-03 14:43:57'),('n36','Node36',470.20857988223327,83.15217774304978,1,'Humidity','DD-61-A3-D8-F9-C6','l61wpq1if6r',33,37,1,'2016-04-03 14:43:57','2016-04-03 14:43:57'),('n37','Node37',474.3606658869841,137.794286420515,1,'Temperature','DD-61-A3-D8-F9-C6','o7kdlcba9k9',44,74,1,'2016-04-03 14:43:57','2016-04-03 14:43:57'),('n38','Node38',127.8171859563559,96.03177970592807,1,'Humidity','3C-8C-BD-6B-AE-22','jb7rezmpldi',18,86,1,'2016-04-03 14:43:57','2016-04-03 14:43:57'),('n39','Node39',718.7387932758749,285.34291333613913,1,'Pressure','69-81-38-8F-58-AC','mssrsa1c3di',36,67,1,'2016-04-03 14:43:57','2016-04-03 14:43:57'),('n4','Node4',290.46168229314895,83.6467887241968,1,'Light Intensity','99-E6-96-AA-A1-33','hre67x03sor',50,53,1,'2016-04-03 14:43:57','2016-04-03 14:43:57'),('n40','Node40',565.0993786031231,274.0775544863054,1,'Temperature','56-C6-26-8D-02-DC','j7zeahv9529',87,4,1,'2016-04-03 14:43:57','2016-04-03 14:43:57'),('n41','Node41',587.6153984568332,182.2034267503931,1,'Light Intensity','DD-61-A3-D8-F9-C6','ibw9sf0qkt9',47,2,1,'2016-04-03 14:43:57','2016-04-03 14:43:57'),('n42','Node42',386.0421875423365,312.4074503936687,1,'Pressure','84-8C-FD-DE-24-AC','mqehvrnewmi',95,30,1,'2016-04-03 14:43:57','2016-04-03 14:43:57'),('n43','Node43',254.9884344875424,112.17410987115079,1,'Temperature','99-E6-96-AA-A1-33','8w3j3gzaor',37,82,1,'2016-04-03 14:43:57','2016-04-03 14:43:57'),('n44','Node44',606.5260629418434,333.29628956451245,1,'Light Intensity','DD-61-A3-D8-F9-C6','ar9mvon7b9',96,27,1,'2016-04-03 14:43:57','2016-04-03 14:43:57'),('n45','Node45',591.0294631784453,121.83833027807651,1,'Temperature','DD-70-C5-9B-D0-41','dlciw6a8aor',0,88,1,'2016-04-03 14:43:57','2016-04-03 14:43:57'),('n46','Node46',431.6327391895563,300.31025877235265,1,'Pressure','3C-8C-BD-6B-AE-22','jvxhp1ll3di',19,16,1,'2016-04-03 14:43:57','2016-04-03 14:43:57'),('n47','Node47',386.510891946111,179.4308062919717,1,'Humidity','F3-EA-61-C5-E9-CC','942x5yiudi',13,78,1,'2016-04-03 14:43:57','2016-04-03 14:43:57'),('n48','Node48',209.09571192623298,80.9952176912725,1,'Light Intensity','69-81-38-8F-58-AC','uggfx6tuik9',80,7,1,'2016-04-03 14:43:57','2016-04-03 14:43:57'),('n49','Node49',77.03510990039712,136.7451817858488,1,'Temperature','DD-61-A3-D8-F9-C6','kewt1grdx6r',76,27,1,'2016-04-03 14:43:57','2016-04-03 14:43:57'),('n5','Node5',110.59497395025892,281.3368264733165,1,'Pressure','69-81-38-8F-58-AC','nujykn5qaor',24,45,1,'2016-04-03 14:43:57','2016-04-03 14:43:57'),('n50','Node50',656.3988300234341,184.78115124464034,1,'Humidity','F3-EA-61-C5-E9-CC','pd1vfmkj4i',91,96,1,'2016-04-03 14:43:57','2016-04-03 14:43:57'),('n51','Node51',200.99786593657018,260.04704140974405,1,'Humidity','D7-74-55-47-AB-07','jb5tqk6gvi',94,4,2,'2016-04-03 14:43:57','2016-04-03 14:43:57'),('n52','Node52',693.4715356128494,146.37899083249235,1,'Temperature','3C-8C-BD-6B-AE-22','350s08xs9k9',3,81,2,'2016-04-03 14:43:57','2016-04-03 14:43:57'),('n53','Node53',616.7968197379925,199.3316037488118,1,'Pressure','84-8C-FD-DE-24-AC','yz8f22zkt9',46,22,2,'2016-04-03 14:43:57','2016-04-03 14:43:57'),('n54','Node54',476.2612444621489,306.8792387313396,1,'Temperature','84-8C-FD-DE-24-AC','socim12lnmi',44,75,2,'2016-04-03 14:43:57','2016-04-03 14:43:57'),('n55','Node55',120.40974559240075,244.3212716507735,1,'Temperature','DD-61-A3-D8-F9-C6','zuaigflmcxr',38,4,2,'2016-04-03 14:43:57','2016-04-03 14:43:57'),('n56','Node56',409.4730951383224,249.34570218736428,1,'Humidity','99-E6-96-AA-A1-33','2dzpaocrf6r',63,26,2,'2016-04-03 14:43:57','2016-04-03 14:43:57'),('n57','Node57',88.01651482833978,294.89806215010026,1,'Temperature','69-81-38-8F-58-AC','b7fdp8k6gvi',13,19,2,'2016-04-03 14:43:57','2016-04-03 14:43:57'),('n58','Node58',484.0584156413316,83.10479929514369,1,'Humidity','3C-8C-BD-6B-AE-22','ahlv5qm2t9',99,92,2,'2016-04-03 14:43:57','2016-04-03 14:43:57'),('n59','Node59',409.70093855012203,205.93746926801953,1,'Pressure','3C-8C-BD-6B-AE-22','li5qt73nmi',10,75,2,'2016-04-03 14:43:57','2016-04-03 14:43:57'),('n6','Node6',460.38704819950823,283.62901332371473,1,'Light Intensity','84-8C-FD-DE-24-AC','8cltek1q0k9',16,22,1,'2016-04-03 14:43:57','2016-04-03 14:43:57'),('n60','Node60',594.834634907483,157.29419920083265,1,'Humidity','D7-74-55-47-AB-07','0t3m4xfajor',30,15,2,'2016-04-03 14:43:57','2016-04-03 14:43:57'),('n61','Node61',287.8403923431757,249.22628388771238,1,'Temperature','99-E6-96-AA-A1-33','gatu6myrpb9',16,88,2,'2016-04-03 14:43:57','2016-04-03 14:43:57'),('n62','Node62',229.92543432768616,308.9199447979488,1,'Pressure','F3-EA-61-C5-E9-CC','v59kl3ow29',77,17,2,'2016-04-03 14:43:57','2016-04-03 14:43:57'),('n63','Node63',156.7314418083772,73.85288608771046,1,'Light Intensity','D7-74-55-47-AB-07','ntkwclbx1or',11,76,2,'2016-04-03 14:43:57','2016-04-03 14:43:57'),('n64','Node64',668.5073583014993,345.8294160628676,1,'Humidity','69-81-38-8F-58-AC','yg4mqbprpb9',53,39,2,'2016-04-03 14:43:57','2016-04-03 14:43:57'),('n65','Node65',305.7105796371173,303.40794835959474,1,'Light Intensity','DD-61-A3-D8-F9-C6','qrrvz5xw29',41,97,2,'2016-04-03 14:43:57','2016-04-03 14:43:57'),('n66','Node66',NULL,NULL,0,'Light Intensity','99-E6-96-AA-A1-33','92tgx4dkj4i',27,83,2,'2016-04-03 14:43:57','2016-04-03 14:43:57'),('n67','Node67',692.1180685047971,321.2334885934247,1,'Temperature','F3-EA-61-C5-E9-CC','vpllwqoxbt9',5,98,2,'2016-04-03 14:43:57','2016-04-03 14:43:57'),('n68','Node68',420.98139716574036,164.46776777393208,1,'Light Intensity','F3-EA-61-C5-E9-CC','a6wsq2p4x6r',90,4,2,'2016-04-03 14:43:57','2016-04-03 14:43:57'),('n69','Node69',80.52614922344213,127.25744373431766,1,'Humidity','D7-74-55-47-AB-07','l9fig9wl8fr',43,85,2,'2016-04-03 14:43:57','2016-04-03 14:43:57'),('n7','Node7',694.1772477142622,112.11998392885062,1,'Humidity','99-E6-96-AA-A1-33','3qjd22wqaor',3,9,1,'2016-04-03 14:43:57','2016-04-03 14:43:57'),('n70','Node70',725.6496682636097,106.04953997328079,1,'Temperature','3C-8C-BD-6B-AE-22','y5gzycwstt9',50,57,2,'2016-04-03 14:43:57','2016-04-03 14:43:57'),('n71','Node71',609.1916874789439,100.53080206696521,1,'Humidity','D7-74-55-47-AB-07','ehbi0zlg14i',89,98,2,'2016-04-03 14:43:57','2016-04-03 14:43:57'),('n72','Node72',359.5665223125793,92.83150385541813,1,'Light Intensity','84-8C-FD-DE-24-AC','2i565yiudi',30,53,2,'2016-04-03 14:43:57','2016-04-03 14:43:57'),('n73','Node73',582.6558705371183,275.96085817390997,1,'Light Intensity','3C-8C-BD-6B-AE-22','4w1tqkw3ik9',49,64,2,'2016-04-03 14:43:57','2016-04-03 14:43:57'),('n74','Node74',465.8563076599644,153.27392577712877,1,'Pressure','99-E6-96-AA-A1-33','i268ryynwmi',67,57,2,'2016-04-03 14:43:57','2016-04-03 14:43:57'),('n75','Node75',549.8971476483623,208.81772773796442,1,'Temperature','69-81-38-8F-58-AC','vbm9gzj8aor',91,60,2,'2016-04-03 14:43:57','2016-04-03 14:43:57'),('n76','Node76',176.70085748230855,156.3920185735063,1,'Pressure','D7-74-55-47-AB-07','0pm08iu23xr',16,98,2,'2016-04-03 14:43:57','2016-04-03 14:43:57'),('n77','Node77',349.1274800120816,157.00860147957317,1,'Pressure','3C-8C-BD-6B-AE-22','ar1pcw3766r',61,31,2,'2016-04-03 14:43:57','2016-04-03 14:43:57'),('n78','Node78',278.054419005011,190.33370379570877,1,'Light Intensity','99-E6-96-AA-A1-33','oj2aed8to6r',33,5,2,'2016-04-03 14:43:57','2016-04-03 14:43:57'),('n79','Node79',199.21882813925308,206.62818371842536,1,'Humidity','69-81-38-8F-58-AC','2qsdlnpcik9',66,10,2,'2016-04-03 14:43:57','2016-04-03 14:43:57'),('n8','Node8',500.67019554792216,269.31160927426356,1,'Temperature','DD-70-C5-9B-D0-41','doadlaw0zfr',61,30,1,'2016-04-03 14:43:57','2016-04-03 14:43:57'),('n80','Node80',510.12456707592014,122.25846577686653,1,'Humidity','DD-61-A3-D8-F9-C6','ranj67xpqfr',34,11,2,'2016-04-03 14:43:57','2016-04-03 14:43:57'),('n81','Node81',516.0421152462906,244.94976653572337,1,'Temperature','F3-EA-61-C5-E9-CC','2p1rgj5rk9',63,59,2,'2016-04-03 14:43:57','2016-04-03 14:43:57'),('n82','Node82',568.7043140156416,339.72763918725923,1,'Humidity','84-8C-FD-DE-24-AC','cw8izkqehfr',5,96,2,'2016-04-03 14:43:57','2016-04-03 14:43:57'),('n83','Node83',86.03543425568978,184.61761303390995,1,'Humidity','99-E6-96-AA-A1-33','ou3gxc7hkt9',81,91,2,'2016-04-03 14:43:57','2016-04-03 14:43:57'),('n84','Node84',410.2007376979041,326.65514704616163,1,'Temperature','3C-8C-BD-6B-AE-22','4it1z9qkt9',41,86,2,'2016-04-03 14:43:57','2016-04-03 14:43:57'),('n85','Node85',280.8137930045386,150.83592622888924,1,'Temperature','84-8C-FD-DE-24-AC','h7oglplow29',65,93,2,'2016-04-03 14:43:57','2016-04-03 14:43:57'),('n86','Node86',309.04261584271103,116.87730428898848,1,'Temperature','3C-8C-BD-6B-AE-22','4d9b2hs38fr',10,95,2,'2016-04-03 14:43:57','2016-04-03 14:43:57'),('n87','Node87',635.8494709399846,288.19910606489555,1,'Light Intensity','D7-74-55-47-AB-07','cr8ohhkhuxr',72,69,2,'2016-04-03 14:43:57','2016-04-03 14:43:57'),('n88','Node88',57.346141477613116,76.2156151684566,1,'Light Intensity','99-E6-96-AA-A1-33','6ur5hk0rudi',0,59,2,'2016-04-03 14:43:57','2016-04-03 14:43:57'),('n89','Node89',345.16592992774997,331.1124075748687,1,'Temperature','99-E6-96-AA-A1-33','m8igj5rk9',92,84,2,'2016-04-03 14:43:57','2016-04-03 14:43:57'),('n9','Node9',315.2220493339012,194.86129333618726,1,'Pressure','84-8C-FD-DE-24-AC','wq3m29be29',38,86,1,'2016-04-03 14:43:57','2016-04-03 14:43:57'),('n90','Node90',331.82932338762623,198.4823262775564,1,'Humidity','F3-EA-61-C5-E9-CC','dhwe94quxr',42,62,2,'2016-04-03 14:43:57','2016-04-03 14:43:57'),('n91','Node91',480.8986791393332,278.38075153976683,1,'Pressure','DD-70-C5-9B-D0-41','1f4kc07ldi',57,12,2,'2016-04-03 14:43:57','2016-04-03 14:43:57'),('n92','Node92',156.8186930754763,336.82094272033163,1,'Pressure','D7-74-55-47-AB-07','f9p3wp9o1or',81,45,2,'2016-04-03 14:43:57','2016-04-03 14:43:57'),('n93','Node93',709.7027060910127,202.71436800351555,1,'Temperature','D7-74-55-47-AB-07','aw11ftxd2t9',48,43,2,'2016-04-03 14:43:57','2016-04-03 14:43:57'),('n94','Node94',358.58301691805775,283.81811625025017,1,'Temperature','3C-8C-BD-6B-AE-22','fqwenjqbyb9',94,68,2,'2016-04-03 14:43:57','2016-04-03 14:43:57'),('n95','Node95',557.3387312010681,251.00401978480897,1,'Light Intensity','DD-70-C5-9B-D0-41','2zihk027qfr',66,71,2,'2016-04-03 14:43:57','2016-04-03 14:43:57'),('n96','Node96',668.1385072988978,238.21846564485577,1,'Light Intensity','99-E6-96-AA-A1-33','mu0nkf8yqfr',23,59,2,'2016-04-03 14:43:57','2016-04-03 14:43:57'),('n97','Node97',684.4781473129644,267.60202213642333,1,'Pressure','DD-61-A3-D8-F9-C6','8ydz8semi',51,79,2,'2016-04-03 14:43:57','2016-04-03 14:43:57'),('n98','Node98',261.6288546168871,89.87473433861194,1,'Temperature','DD-61-A3-D8-F9-C6','t94vsqkhuxr',89,76,2,'2016-04-03 14:43:57','2016-04-03 14:43:57'),('n99','Node99',179.59725968883052,111.88365038588452,1,'Light Intensity','84-8C-FD-DE-24-AC','m55v8hkhuxr',59,79,2,'2016-04-03 14:43:57','2016-04-03 14:43:57');
/*!40000 ALTER TABLE `nodes` ENABLE KEYS */;
UNLOCK TABLES;

--
-- Table structure for table `sequelizemeta`
--

DROP TABLE IF EXISTS `sequelizemeta`;
/*!40101 SET @saved_cs_client     = @@character_set_client */;
/*!40101 SET character_set_client = utf8 */;
CREATE TABLE `sequelizemeta` (
  `name` varchar(255) COLLATE utf8_unicode_ci NOT NULL,
  PRIMARY KEY (`name`),
  UNIQUE KEY `name` (`name`),
  UNIQUE KEY `SequelizeMeta_name_unique` (`name`)
) ENGINE=InnoDB DEFAULT CHARSET=utf8 COLLATE=utf8_unicode_ci;
/*!40101 SET character_set_client = @saved_cs_client */;

--
-- Dumping data for table `sequelizemeta`
--

LOCK TABLES `sequelizemeta` WRITE;
/*!40000 ALTER TABLE `sequelizemeta` DISABLE KEYS */;
INSERT INTO `sequelizemeta` VALUES ('20160202214130-create-node.js'),('20160202214339-create-edge.js'),('20160325085050-create-floor.js'),('20160403184634-create-configuration.js');
/*!40000 ALTER TABLE `sequelizemeta` ENABLE KEYS */;
UNLOCK TABLES;
/*!40103 SET TIME_ZONE=@OLD_TIME_ZONE */;

/*!40101 SET SQL_MODE=@OLD_SQL_MODE */;
/*!40014 SET FOREIGN_KEY_CHECKS=@OLD_FOREIGN_KEY_CHECKS */;
/*!40014 SET UNIQUE_CHECKS=@OLD_UNIQUE_CHECKS */;
/*!40101 SET CHARACTER_SET_CLIENT=@OLD_CHARACTER_SET_CLIENT */;
/*!40101 SET CHARACTER_SET_RESULTS=@OLD_CHARACTER_SET_RESULTS */;
/*!40101 SET COLLATION_CONNECTION=@OLD_COLLATION_CONNECTION */;
/*!40111 SET SQL_NOTES=@OLD_SQL_NOTES */;

-- Dump completed on 2016-04-03 23:01:40
